53,32809,32688,32569,32457,32352,32259,32180,32115,32064,32023,31992,31973,31969,31978,32001,32035,32075,32112,32146,32170,32180,32173,32152,32117,32076,1188,2022-03-06-23-48-40.776008,A1
53,32044,32048,32127,32321,32647,33090,33599,34101,34521,34806,34940,34936,34826,34652,34450,34250,34070,33916,33785,33668,33553,33436,33319,33214,33133,1189,2022-03-06-23-48-41.134841,A1
53,33088,33082,33106,33143,33173,33182,33162,33110,33030,32933,32827,32715,32602,32487,32372,32257,32149,32052,31972,31907,31858,31825,31805,31797,31802,1190,2022-03-06-23-48-41.449740,A1
53,31814,31830,31845,31859,31869,31874,31874,31869,31859,31846,31834,31838,31880,31995,32212,32538,32954,33413,33847,34193,34412,34487,34433,34283,34081,1191,2022-03-06-23-48-41.764347,A1
53,33864,33663,33494,33355,33237,33127,33019,32917,32833,32781,32770,32800,32858,32924,32979,33008,33006,32971,32909,32826,32728,32621,32510,32401,32298,1192,2022-03-06-23-48-42.123350,A1
53,32206,32123,32051,31989,31937,31898,31874,31863,31865,31877,31893,31910,31925,31935,31940,31936,31925,31908,31888,31872,31880,31943,32098,32371,32760,1193,2022-03-06-23-48-42.437818,A1
53,33235,33738,34196,34546,34753,34815,34755,34610,34419,34214,34021,33851,33703,33571,33448,33332,33221,33126,33059,33028,33036,33074,33126,33173,33201,1194,2022-03-06-23-48-42.797858,A1
53,33199,33164,33097,33004,32894,32774,32650,32525,32403,32286,32178,32082,31999,31930,31873,31827,31794,31773,31766,31774,31795,31821,31849,31875,31895,1195,2022-03-06-23-48-43.112992,A1
53,31907,31912,31909,31898,31879,31855,31830,31821,31860,31990,32250,32648,33165,33742,34304,34771,35094,35255,35266,35156,34970,34750,34531,34334,34167,1196,2022-03-06-23-48-43.426342,A1
53,34024,33897,33774,33650,33532,33433,33375,33374,33435,33549,33694,33837,33947,34003,33992,33918,33792,33631,33453,33267,33081,32894,32707,32518,32330,1197,2022-03-06-23-48-43.787290,A1
53,32151,31993,31860,31757,31683,31630,31587,31550,31513,31473,31421,31347,31248,31129,30996,30863,30747,30655,30594,30579,30640,30816,31135,31604,32196,1198,2022-03-06-23-48-44.100394,A1
53,32856,33502,34055,34454,34671,34707,34594,34388,34148,33918,33723,33562,33416,33259,33088,32911,32751,32636,32585,32605,32686,32809,32952,33087,33188,1199,2022-03-06-23-48-44.460321,A1
53,33234,33216,33137,33016,32873,32726,32585,32453,32325,32198,32070,31945,31827,31720,31632,31567,31527,31512,31511,31514,31516,31517,31523,31548,31598,1200,2022-03-06-23-48-44.775194,A1
53,31673,31780,31940,32183,32531,32990,33533,34103,34622,35028,35284,35377,35320,35140,34863,34522,34152,33785,33439,33125,32854,32630,32454,32334,32277,1201,2022-03-06-23-48-45.089207,A1
53,32277,32316,32376,32437,32486,32513,32511,32476,32407,32307,32182,32036,31880,31724,31573,31435,31319,31227,31162,31121,31101,31096,31096,31095,31087,1202,2022-03-06-23-48-45.448715,A1
53,31071,31052,31036,31031,31049,31105,31215,31402,31696,32125,32692,33367,34093,34789,35371,35780,36000,36049,35966,35797,35583,35350,35109,34869,34633,1203,2022-03-06-23-48-45.764379,A1
53,34395,34152,33908,33674,33471,33319,33240,33241,33309,33415,33527,33618,33666,33658,33594,33487,33348,33188,33019,32848,32678,32510,32342,32172,31998,1204,2022-03-06-23-48-46.123268,A1
53,31823,31652,31494,31352,31234,31144,31081,31038,31017,31015,31037,31099,31233,31470,31825,32285,32807,33327,33775,34095,34259,34272,34159,33958,33715,1205,2022-03-06-23-48-46.439408,A1
53,33467,33238,33032,32847,32671,32500,32338,32196,32087,32022,32012,32056,32140,32247,32358,32455,32517,32535,32509,32444,32346,32230,32109,31993,31887,1206,2022-03-06-23-48-46.797473,A1
53,31798,31729,31676,31636,31608,31589,31576,31567,31561,31553,31538,31514,31490,31485,31539,31688,31959,32352,32838,33361,33844,34217,34426,34459,34334,1207,2022-03-06-23-48-47.112266,A1
53,34090,33785,33477,33206,32990,32831,32720,32644,32593,32558,32529,32494,32453,32410,32375,32359,32368,32395,32430,32458,32466,32452,32417,32360,32276,1208,2022-03-06-23-48-47.426433,A1
53,32164,32027,31878,31735,31616,31529,31479,31467,31482,31515,31565,31628,31696,31750,31777,31777,31774,31813,31943,32197,32568,33010,33446,33807,34045,1209,2022-03-06-23-48-47.786285,A1
53,34146,34120,33991,33787,33541,33286,33047,32842,32681,32562,32481,32433,32420,32449,32520,32626,32748,32857,32925,32938,32899,32820,32725,32635,32562,1210,2022-03-06-23-48-48.101613,A1
53,32508,32474,32458,32461,32476,32493,32493,32463,32398,32308,32207,32116,32051,32019,32019,32045,32095,32166,32256,32369,32514,32706,32955,33257,33590,1211,2022-03-06-23-48-48.461267,A1
53,33916,34188,34369,34442,34415,34312,34165,34003,33834,33660,33478,33290,33100,32921,32770,32664,32613,32621,32690,32809,32962,33121,33252,33325,33324,1212,2022-03-06-23-48-48.776322,A1
53,33253,33127,32973,32818,32679,32568,32486,32434,32413,32420,32444,32464,32454,32400,32302,32178,32048,31938,31863,31830,31852,31957,32174,32515,32953,1213,2022-03-06-23-48-49.090332,A1
53,33421,33828,34097,34191,34123,33937,33686,33420,33172,32958,32785,32660,32583,32538,32500,32453,32391,32329,32292,32303,32368,32479,32608,32728,32821,1214,2022-03-06-23-48-49.449567,A1
53,32886,32928,32943,32922,32852,32730,32567,32394,32241,32130,32069,32051,32058,32084,32126,32188,32258,32316,32337,32317,32284,32299,32423,32692,33093,1215,2022-03-06-23-48-49.767019,A1
53,33566,34032,34414,34671,34799,34804,34697,34491,34212,33893,33580,33311,33108,32973,32895,32854,32842,32865,32926,33014,33103,33160,33158,33095,32985,1216,2022-03-06-23-48-50.123960,A1
53,32854,32730,32631,32559,32509,32477,32463,32467,32476,32471,32435,32360,32256,32142,32044,31981,31957,31965,31999,32054,32134,32246,32397,32596,32847,1217,2022-03-06-23-48-50.438939,A1
53,33150,33489,33835,34148,34387,34528,34568,34521,34416,34289,34162,34042,33922,33787,33634,33467,33300,33152,33041,32977,32961,32992,33063,33167,33283,1218,2022-03-06-23-48-50.754052,A1
53,33383,33432,33406,33302,33136,32938,32740,32569,32440,32350,32298,32282,32297,32332,32364,32371,32334,32252,32134,32004,31888,31810,31783,31824,31960,1219,2022-03-06-23-48-51.113841,A1
53,32217,32607,33102,33640,34134,34503,34701,34724,34605,34394,34141,33889,33665,33484,33352,33260,33189,33113,33015,32895,32773,32673,32618,32621,32674,1220,2022-03-06-23-48-51.428170,A1
53,32755,32842,32916,32973,33009,33021,32990,32904,32765,32588,32395,32217,32075,31978,31919,31891,31885,31899,31926,31955,31970,31956,31918,31885,31905,1221,2022-03-06-23-48-51.788359,A1
53,32028,32280,32649,33086,33515,33871,34114,34230,34221,34101,33888,33610,33303,33001,32735,32520,32360,32251,32192,32182,32227,32324,32453,32584,32689,1222,2022-03-06-23-48-52.103726,A1
53,32744,32738,32679,32584,32475,32368,32275,32201,32140,32090,32048,32013,31985,31971,31977,32009,32059,32107,32135,32126,32073,31985,31887,31817,31826,1223,2022-03-06-23-48-52.417414,A1
53,31956,32232,32645,33140,33635,34040,34293,34370,34289,34096,33839,33563,33297,33067,32886,32754,32663,32605,32580,32587,32627,32707,32823,32962,33100,1224,2022-03-06-23-48-52.777582,A1
53,33209,33270,33272,33211,33090,32920,32724,32522,32324,32145,31993,31868,31767,31686,31624,31583,31559,31548,31547,31554,31566,31580,31593,31604,31615,1225,2022-03-06-23-48-53.092426,A1
53,31632,31678,31793,32012,32344,32773,33250,33704,34067,34295,34379,34335,34198,34008,33802,33606,33442,33314,33217,33142,33076,33015,32961,32923,32911,1226,2022-03-06-23-48-53.451641,A1
53,32931,32981,33048,33116,33169,33194,33185,33142,33071,32982,32884,32786,32694,32610,32538,32476,32422,32374,32330,32289,32252,32222,32199,32181,32166,1227,2022-03-06-23-48-53.767009,A1
53,32152,32137,32124,32114,32116,32149,32247,32440,32742,33135,33578,34001,34336,34540,34600,34529,34362,34139,33895,33660,33452,33273,33121,32988,32869,1228,2022-03-06-23-48-54.081376,A1
53,32765,32679,32621,32599,32612,32654,32710,32765,32804,32816,32796,32746,32671,32578,32475,32367,32261,32161,32070,31987,31916,31853,31799,31753,31717,1229,2022-03-06-23-48-54.441093,A1
53,31689,31668,31655,31647,31646,31656,31688,31767,31923,32178,32528,32945,33373,33746,34010,34138,34133,34019,33833,33610,33383,33175,32999,32850,32728,1230,2022-03-06-23-48-54.757034,A1
53,32624,32534,32463,32418,32408,32436,32499,32583,32672,32747,32795,32809,32788,32740,32671,32590,32504,32419,32336,32257,32183,32114,32052,32001,31961,1231,2022-03-06-23-48-55.115643,A1
53,31932,31915,31908,31907,31909,31915,31921,31927,31935,31945,31959,31997,32086,32264,32552,32943,33400,33857,34244,34507,34624,34604,34476,34281,34057,1232,2022-03-06-23-48-55.430297,A1
53,33835,33637,33472,33338,33228,33132,33041,32958,32885,32830,32802,32806,32836,32881,32927,32963,32978,32965,32926,32865,32787,32699,32609,32523,32441,1233,2022-03-06-23-48-55.790106,A1
53,32368,32301,32240,32184,32137,32100,32074,32058,32050,32046,32045,32043,32043,32042,32040,32039,32042,32062,32131,32283,32540,32900,33327,33764,34141,1234,2022-03-06-23-48-56.104831,A1
53,34403,34527,34518,34403,34218,34003,33787,33593,33431,33303,33197,33104,33018,32935,32863,32812,32791,32804,32842,32892,32941,32976,32985,32969,32927,1235,2022-03-06-23-48-56.420186,A1
53,32867,32794,32716,32638,32562,32490,32424,32362,32304,32249,32198,32153,32115,32088,32070,32062,32061,32065,32070,32073,32070,32064,32055,32047,32051,1236,2022-03-06-23-48-56.780155,A1
53,32090,32196,32398,32703,33090,33511,33902,34203,34374,34412,34335,34174,33967,33750,33547,33372,33226,33103,32994,32898,32817,32759,32731,32740,32782,1237,2022-03-06-23-48-57.094350,A1
53,32846,32918,32982,33026,33041,33026,32982,32916,32836,32747,32656,32565,32478,32393,32315,32244,32181,32127,32082,32045,32014,31990,31969,31950,31931,1238,2022-03-06-23-48-57.454754,A1
53,31912,31896,31885,31888,31926,32023,32205,32480,32831,33218,33581,33864,34034,34081,34018,33876,33687,33483,33290,33121,32980,32862,32760,32672,32601,1239,2022-03-06-23-48-57.769422,A1
53,32554,32542,32568,32628,32711,32800,32878,32931,32951,32935,32889,32820,32737,32648,32563,32483,32412,32349,32294,32245,32204,32170,32145,32128,32119,1240,2022-03-06-23-48-58.084740,A1
53,32115,32113,32112,32113,32112,32110,32106,32103,32104,32122,32187,32332,32583,32941,33377,33834,34243,34547,34715,34745,34660,34497,34290,34073,33870,1241,2022-03-06-23-48-58.443645,A1
53,33696,33551,33432,33332,33239,33149,33066,32998,32952,32935,32947,32977,33012,33038,33047,33030,32988,32924,32844,32751,32655,32558,32466,32379,32302,1242,2022-03-06-23-48-58.758979,A1
53,32232,32172,32120,32080,32049,32027,32011,32001,31995,31992,31991,31988,31983,31979,31974,31977,32006,32095,32274,32557,32937,33372,33801,34154,34390,1243,2022-03-06-23-48-59.164008,A1
53,34491,34470,34355,34182,33985,33792,33619,33472,33350,33241,33140,33039,32943,32859,32803,32784,32801,32843,32893,32934,32950,32935,32890,32821,32737,1244,2022-03-06-23-48-59.433622,A1
53,32646,32553,32465,32382,32306,32234,32166,32102,32045,31996,31956,31925,31903,31886,31874,31868,31867,31871,31876,31878,31875,31868,31860,31864,31907,1245,2022-03-06-23-48-59.748498,A1
53,32019,32227,32532,32913,33322,33695,33976,34135,34169,34094,33944,33755,33555,33367,33203,33067,32952,32854,32765,32689,32631,32602,32604,32639,32697,1246,2022-03-06-23-49-00.108096,A1
53,32764,32824,32865,32877,32860,32817,32753,32674,32590,32503,32416,32333,32256,32184,32120,32063,32016,31977,31946,31921,31900,31882,31867,31855,31845,1247,2022-03-06-23-49-00.423218,A1
53,31835,31828,31824,31830,31865,31954,32121,32374,32697,33050,33378,33629,33771,33797,33724,33581,33401,33215,33043,32896,32775,32673,32584,32505,32442,1248,2022-03-06-23-49-00.783625,A1
53,32401,32393,32421,32481,32563,32650,32727,32780,32802,32790,32750,32689,32617,32539,32461,32386,32318,32257,32206,32166,32137,32118,32110,32110,32119,1249,2022-03-06-23-49-01.188913,A1
53,32135,32157,32183,32211,32238,32258,32268,32269,32262,32256,32266,32321,32452,32675,32986,33355,33729,34048,34264,34357,34335,34221,34049,33858,33675,1250,2022-03-06-23-49-01.413978,A1
53,33518,33393,33297,33217,33145,33073,33000,32930,32876,32848,32848,32875,32918,32961,32991,32997,32976,32930,32868,32796,32720,32645,32571,32501,32438,1251,2022-03-06-23-49-01.775623,A1
53,32382,32334,32293,32257,32225,32200,32183,32176,32179,32187,32197,32207,32214,32218,32218,32216,32213,32212,32228,32289,32425,32653,32964,33326,33686,1252,2022-03-06-23-49-02.089606,A1
53,33982,34174,34247,34213,34100,33942,33771,33613,33480,33372,33286,33215,33148,33082,33017,32961,32920,32904,32915,32948,32993,33036,33063,33065,33039,1253,2022-03-06-23-49-02.449735,A1
53,32990,32924,32850,32773,32699,32630,32566,32505,32449,32399,32355,32317,32285,32261,32246,32239,32240,32249,32260,32270,32276,32279,32274,32265,32253,1254,2022-03-06-23-49-02.765553,A1
53,32243,32245,32282,32381,32566,32836,33169,33520,33831,34054,34164,34162,34070,33917,33738,33562,33407,33280,33179,33093,33013,32934,32861,32803,32770,1255,2022-03-06-23-49-03.080118,A1
53,32768,32796,32843,32893,32931,32945,32929,32886,32822,32748,32667,32586,32507,32431,32360,32294,32236,32187,32145,32111,32088,32074,32070,32073,32079,1256,2022-03-06-23-49-03.440843,A1
53,32088,32096,32101,32104,32104,32100,32096,32097,32115,32173,32299,32507,32794,33136,33486,33792,34009,34117,34119,34035,33893,33726,33558,33406,33280,1257,2022-03-06-23-49-03.756092,A1
53,33178,33093,33017,32947,32884,32834,32809,32814,32845,32896,32952,32998,33024,33024,32998,32949,32883,32807,32727,32646,32570,32499,32435,32377,32325,1258,2022-03-06-23-49-04.116781,A1
53,32278,32236,32202,32176,32159,32151,32150,32156,32165,32175,32185,32194,32197,32192,32180,32160,32135,32112,32104,32134,32237,32436,32734,33110,33513,1259,2022-03-06-23-49-04.476531,A1
53,33882,34160,34320,34356,34290,34150,33975,33792,33625,33485,33375,33287,33211,33137,33063,32995,32941,32910,32910,32936,32977,33022,33056,33069,33057,1260,2022-03-06-23-49-04.791280,A1
53,33022,32966,32897,32821,32741,32659,32578,32499,32425,32359,32300,32250,32208,32177,32155,32145,32148,32158,32170,32182,32191,32198,32202,32201,32193,1261,2022-03-06-23-49-05.154928,A1
53,32179,32158,32132,32105,32082,32082,32133,32266,32500,32830,33222,33617,33954,34187,34297,34290,34191,34033,33847,33662,33494,33354,33241,33148,33065,1262,2022-03-06-23-49-05.421697,A1
53,32987,32913,32851,32810,32796,32813,32854,32905,32955,32988,32996,32979,32939,32881,32810,32731,32650,32569,32489,32417,32354,32299,32250,32211,32178,1263,2022-03-06-23-49-05.781728,A1
53,32152,32134,32124,32124,32131,32143,32158,32174,32188,32195,32194,32182,32159,32130,32101,32080,32086,32147,32292,32530,32849,33213,33565,33847,34018,1264,2022-03-06-23-49-06.097036,A1
53,34069,34011,33872,33685,33483,33293,33130,32998,32891,32799,32717,32644,32586,32555,32559,32597,32661,32734,32801,32850,32871,32863,32829,32775,32706,1265,2022-03-06-23-49-06.457233,A1
53,32629,32549,32471,32397,32330,32270,32216,32170,32134,32108,32091,32085,32086,32093,32106,32123,32141,32158,32171,32178,32179,32173,32163,32151,32143,1266,2022-03-06-23-49-06.772793,A1
53,32162,32240,32408,32676,33033,33436,33826,34143,34348,34427,34394,34276,34104,33913,33727,33563,33426,33313,33215,33125,33040,32963,32902,32868,32868,1267,2022-03-06-23-49-07.088063,A1
53,32898,32949,33006,33056,33085,33087,33060,33008,32935,32850,32758,32667,32580,32500,32428,32365,32308,32256,32210,32170,32139,32117,32107,32105,32112,1268,2022-03-06-23-49-07.447648,A1
53,32124,32138,32152,32165,32171,32173,32169,32158,32141,32121,32099,32083,32092,32160,32319,32586,32952,33380,33813,34187,34453,34593,34610,34527,34375,1269,2022-03-06-23-49-07.764475,A1
53,34191,34005,33837,33694,33574,33467,33365,33266,33177,33104,33059,33048,33072,33119,33178,33232,33267,33272,33247,33193,33117,33027,32930,32829,32729,1270,2022-03-06-23-49-08.123196,A1
53,32634,32546,32466,32395,32332,32278,32230,32191,32161,32141,32132,32133,32142,32157,32171,32181,32185,32182,32170,32151,32124,32095,32068,32051,32066,1271,2022-03-06-23-49-08.437983,A1
53,32145,32320,32600,32975,33406,33832,34190,34439,34560,34561,34466,34309,34121,33934,33764,33615,33484,33366,33252,33146,33054,32989,32960,32969,33008,1272,2022-03-06-23-49-08.754279,A1
53,33064,33121,33163,33181,33171,33133,33071,32988,32891,32784,32674,32564,32459,32364,32278,32203,32136,32080,32034,31998,31971,31950,31937,31928,31920,1273,2022-03-06-23-49-09.113309,A1
53,31913,31904,31892,31877,31858,31836,31819,31819,31858,31970,32179,32492,32890,33324,33732,34057,34259,34328,34282,34150,33968,33768,33572,33395,33236,1274,2022-03-06-23-49-09.428469,A1
53,33091,32956,32833,32727,32650,32614,32623,32669,32740,32817,32882,32922,32931,32908,32857,32782,32688,32585,32479,32374,32273,32180,32095,32015,31941,1275,2022-03-06-23-49-09.788659,A1
53,31877,31823,31780,31752,31738,31735,31743,31760,31782,31805,31826,31841,31848,31846,31835,31817,31795,31776,31772,31807,31918,32139,32478,32922,33425,1276,2022-03-06-23-49-10.103720,A1
53,33919,34332,34619,34761,34768,34668,34501,34301,34098,33912,33750,33611,33486,33368,33251,33140,33046,32982,32954,32962,32996,33040,33076,33093,33083,1277,2022-03-06-23-49-10.418877,A1
53,33043,32975,32887,32785,32675,32564,32456,32352,32256,32166,32084,32009,31942,31884,31838,31804,31783,31773,31772,31774,31778,31784,31790,31796,31799,1278,2022-03-06-23-49-10.779366,A1
53,31799,31792,31780,31766,31748,31729,31711,31704,31732,31834,32044,32375,32814,33317,33815,34239,34540,34698,34719,34632,34474,34280,34080,33896,33736,1279,2022-03-06-23-49-11.095527,A1
53,33598,33476,33362,33252,33148,33058,32992,32958,32958,32985,33026,33068,33097,33102,33078,33027,32955,32867,32770,32670,32571,32474,32383,32299,32224,1280,2022-03-06-23-49-11.454385,A1
53,32159,32104,32061,32026,31999,31982,31975,31974,31979,31988,31998,32008,32017,32024,32027,32021,32008,31987,31957,31925,31896,31876,31883,31947,32100,1281,2022-03-06-23-49-11.769658,A1
53,32363,32732,33173,33629,34031,34324,34482,34509,34427,34272,34080,33879,33692,33527,33385,33260,33145,33040,32948,32878,32843,32847,32887,32951,33020,1282,2022-03-06-23-49-12.084839,A1
53,33079,33113,33118,33091,33036,32958,32862,32753,32638,32523,32411,32304,32206,32118,32041,31978,31931,31898,31880,31874,31878,31888,31902,31916,31929,1283,2022-03-06-23-49-12.489467,A1
53,31938,31940,31935,31922,31903,31883,31871,31885,31956,32116,32375,32727,33137,33546,33894,34135,34253,34252,34157,33998,33810,33618,33442,33288,33154,1284,2022-03-06-23-49-12.759895,A1
53,33034,32923,32821,32737,32681,32666,32691,32751,32828,32905,32966,32999,32998,32963,32901,32819,32722,32620,32518,32423,32336,32259,32188,32125,32070,1285,2022-03-06-23-49-13.166297,A1
53,32022,31986,31962,31950,31949,31957,31975,31997,32024,32050,32070,32084,32090,32087,32074,32051,32023,31995,31979,31995,32077,32261,32561,32973,33460,1286,2022-03-06-23-49-13.434580,A1
53,33964,34410,34743,34934,34984,34912,34758,34562,34358,34169,34009,33876,33764,33662,33560,33456,33356,33270,33211,33184,33188,33214,33245,33267,33268,1287,2022-03-06-23-49-13.794682,A1
53,33245,33193,33116,33022,32917,32807,32697,32589,32486,32391,32305,32229,32167,32116,32077,32051,32034,32027,32031,32043,32059,32076,32092,32102,32106,1288,2022-03-06-23-49-14.110144,A1
53,32103,32094,32077,32053,32023,31991,31970,31985,32074,32270,32588,33019,33520,34025,34464,34786,34966,35007,34933,34781,34586,34381,34188,34020,33876,1289,2022-03-06-23-49-14.424742,A1
53,33749,33630,33510,33390,33279,33189,33132,33112,33125,33156,33190,33212,33211,33183,33127,33049,32952,32842,32725,32607,32492,32385,32286,32196,32115,1290,2022-03-06-23-49-14.829972,A1
53,32043,31982,31933,31899,31878,31867,31866,31867,31869,31869,31864,31851,31832,31807,31780,31758,31757,31804,31934,32169,32510,32931,33378,33785,34094,1291,2022-03-06-23-49-15.099992,A1
53,34275,34322,34255,34105,33911,33702,33502,33319,33155,33001,32856,32721,32606,32522,32483,32492,32544,32621,32703,32770,32809,32812,32782,32722,32640,1292,2022-03-06-23-49-15.459944,A1
53,32541,32432,32319,32206,32100,32002,31913,31833,31765,31705,31658,31627,31611,31612,31623,31639,31658,31673,31686,31693,31694,31688,31680,31676,31695,1293,2022-03-06-23-49-15.775760,A1
53,31770,31935,32218,32620,33116,33650,34152,34557,34822,34939,34922,34803,34621,34416,34213,34027,33865,33722,33589,33459,33329,33205,33100,33027,32992,1294,2022-03-06-23-49-16.090098,A1
53,32994,33023,33060,33088,33093,33070,33014,32932,32830,32715,32594,32473,32356,32244,32141,32046,31961,31886,31824,31776,31743,31724,31718,31722,31733,1295,2022-03-06-23-49-16.450801,A1
53,31750,31766,31781,31788,31787,31776,31757,31733,31714,31711,31749,31866,32099,32462,32946,33506,34072,34571,34941,35156,35217,35149,34993,34788,34572,1296,2022-03-06-23-49-16.765638,A1
53,34368,34186,34023,33874,33725,33574,33422,33283,33172,33104,33084,33103,33143,33185,33212,33210,33175,33106,33009,32891,32761,32626,32494,32368,32253,1297,2022-03-06-23-49-17.125161,A1
53,32145,32044,31952,31869,31797,31739,31698,31675,31666,31669,31680,31694,31707,31717,31724,31725,31721,31709,31691,31666,31641,31626,31647,31747,31964,1298,2022-03-06-23-49-17.442066,A1
53,32317,32798,33362,33936,34440,34812,35026,35083,35006,34838,34620,34386,34159,33952,33763,33585,33410,33239,33080,32950,32863,32828,32841,32890,32953,1299,2022-03-06-23-49-17.755701,A1
53,33011,33046,33050,33016,32947,32849,32730,32598,32460,32321,32184,32051,31926,31809,31706,31619,31551,31502,31472,31458,31455,31459,31468,31477,31488,1300,2022-03-06-23-49-18.116183,A1
53,31496,31500,31501,31500,31503,31535,31629,31823,32134,32557,33052,33552,33985,34297,34459,34475,34370,34182,33948,33702,33466,33249,33053,32876,32715,1301,2022-03-06-23-49-18.430444,A1
53,32575,32465,32397,32376,32406,32474,32562,32649,32717,32753,32748,32704,32626,32524,32408,32285,32165,32052,31947,31853,31769,31698,31638,31592,31561,1302,2022-03-06-23-49-18.790304,A1
53,31545,31543,31555,31578,31607,31640,31672,31703,31730,31751,31763,31765,31759,31755,31770,31842,32010,32308,32740,33282,33872,34431,34885,35189,35327,1303,2022-03-06-23-49-19.106681,A1
53,35314,35184,34981,34743,34504,34286,34094,33927,33777,33634,33495,33361,33244,33154,33102,33087,33104,33136,33164,33173,33152,33099,33018,32912,32790,1304,2022-03-06-23-49-19.420372,A1
53,32662,32534,32410,32296,32194,32103,32019,31943,31876,31820,31777,31752,31744,31751,31769,31793,31823,31853,31882,31904,31920,31926,31922,31912,31902,1305,2022-03-06-23-49-19.780856,A1
53,31907,31958,32097,32361,32764,33284,33870,34443,34923,35259,35430,35443,35330,35136,34903,34663,34439,34240,34065,33905,33752,33600,33454,33323,33222,1306,2022-03-06-23-49-20.096239,A1
53,33160,33141,33155,33186,33215,33227,33210,33161,33080,32977,32858,32731,32601,32472,32347,32227,32115,32013,31925,31849,31789,31744,31717,31705,31705,1307,2022-03-06-23-49-20.455544,A1
53,31715,31729,31744,31754,31758,31752,31739,31720,31699,31678,31665,31676,31742,31905,32191,32601,33102,33632,34110,34472,34681,34735,34652,34472,34236,1308,2022-03-06-23-49-20.770938,A1
53,33983,33740,33521,33325,33146,32976,32818,32682,32580,32528,32531,32580,32658,32741,32809,32843,32832,32776,32679,32552,32408,32261,32119,31989,31876,1309,2022-03-06-23-49-21.085998,A1
53,31781,31701,31636,31586,31549,31525,31515,31518,31532,31553,31579,31606,31633,31654,31669,31676,31677,31674,31678,31706,31793,31976,32281,32707,33223,1310,2022-03-06-23-49-21.445537,A1
53,33766,34260,34638,34866,34937,34874,34712,34496,34261,34035,33833,33659,33505,33363,33228,33097,32980,32889,32837,32828,32854,32903,32953,32988,32993,1311,2022-03-06-23-49-21.761494,A1
53,32964,32901,32813,32707,32591,32472,32358,32247,32145,32051,31968,31894,31832,31781,31742,31715,31702,31703,31714,31733,31756,31781,31802,31818,31828,1312,2022-03-06-23-49-22.120680,A1
53,31830,31825,31815,31799,31778,31754,31730,31722,31760,31886,32141,32541,33069,33670,34263,34767,35123,35310,35336,35237,35057,34840,34623,34425,34254,1313,2022-03-06-23-49-22.435461,A1
53,34105,33969,33834,33698,33564,33445,33354,33299,33285,33301,33334,33364,33377,33361,33312,33230,33121,32995,32860,32723,32589,32461,32344,32237,32141,1314,2022-03-06-23-49-22.795464,A1
53,32055,31981,31919,31869,31831,31807,31797,31799,31811,31827,31845,31860,31870,31875,31873,31864,31846,31821,31790,31759,31736,31744,31820,32006,32329,1315,2022-03-06-23-49-23.110520,A1
53,32786,33339,33918,34440,34839,35078,35154,35091,34926,34703,34460,34226,34017,33834,33670,33517,33371,33235,33120,33041,33008,33018,33061,33119,33170,1316,2022-03-06-23-49-23.470691,A1
53,33197,33192,33151,33076,32976,32856,32720,32575,32428,32282,32141,32011,31892,31788,31699,31632,31584,31557,31548,31553,31566,31583,31598,31610,31615,1317,2022-03-06-23-49-23.785538,A1
53,31613,31605,31593,31579,31579,31616,31728,31949,32296,32756,33282,33805,34251,34569,34734,34750,34646,34460,34230,33990,33764,33559,33374,33202,33041,1318,2022-03-06-23-49-24.100478,A1
53,32896,32776,32695,32664,32682,32740,32819,32898,32958,32987,32978,32933,32854,32752,32632,32502,32370,32239,32116,32002,31901,31812,31738,31678,31634,1319,2022-03-06-23-49-24.461118,A1
53,31604,31591,31592,31604,31625,31651,31679,31704,31724,31738,31745,31749,31751,31747,31735,31722,31736,31820,32020,32365,32855,33454,34087,34671,35138,1320,2022-03-06-23-49-24.820969,A1
53,35446,35579,35551,35405,35188,34942,34700,34484,34301,34142,33995,33849,33700,33554,33424,33328,33274,33260,33275,33300,33317,33312,33276,33209,33113,1321,2022-03-06-23-49-25.090937,A1
53,32994,32856,32708,32558,32412,32276,32152,32038,31934,31841,31760,31694,31645,31612,31593,31587,31591,31602,31620,31640,31658,31670,31672,31664,31647,1322,2022-03-06-23-49-25.450592,A1
53,31620,31586,31552,31523,31520,31583,31759,32084,32562,33163,33821,34448,34963,35315,35487,35494,35370,35162,34912,34659,34425,34215,34026,33851,33680,1323,2022-03-06-23-49-25.765875,A1
53,33512,33358,33228,33135,33086,33077,33095,33125,33149,33149,33115,33046,32944,32817,32674,32525,32375,32228,32088,31957,31838,31734,31645,31569,31507,1324,2022-03-06-23-49-26.125567,A1
53,31461,31427,31409,31407,31414,31426,31437,31448,31455,31457,31454,31446,31432,31408,31381,31353,31333,31341,31412,31587,31897,32345,32900,33500,34062,1325,2022-03-06-23-49-26.440517,A1
53,34514,34810,34938,34915,34774,34561,34315,34070,33846,33647,33471,33309,33157,33015,32895,32807,32764,32771,32816,32887,32961,33018,33042,33026,32968,1326,2022-03-06-23-49-26.755965,A1
53,32873,32752,32616,32474,32335,32206,32087,31979,31878,31786,31704,31636,31582,31545,31526,31520,31525,31539,31559,31581,31604,31626,31643,31656,31658,1327,2022-03-06-23-49-27.115500,A1
53,31651,31633,31607,31579,31554,31549,31597,31740,32017,32441,32990,33608,34213,34722,35081,35267,35290,35182,34988,34751,34508,34283,34087,33917,33764,1328,2022-03-06-23-49-27.430264,A1
53,33620,33483,33359,33259,33198,33180,33202,33251,33306,33348,33363,33342,33286,33200,33089,32962,32826,32686,32548,32416,32295,32186,32089,32005,31935,1329,2022-03-06-23-49-27.790740,A1
53,31878,31835,31806,31790,31785,31792,31808,31830,31855,31877,31891,31894,31885,31863,31834,31800,31767,31740,31736,31783,31917,32173,32561,33058,33613,1330,2022-03-06-23-49-28.154925,A1
53,34149,34588,34880,35008,34984,34842,34626,34380,34136,33912,33714,33538,33377,33229,33097,32994,32931,32914,32940,33000,33071,33136,33176,33184,33151,1331,2022-03-06-23-49-28.420169,A1
53,33082,32985,32867,32735,32597,32458,32321,32189,32066,31955,31857,31774,31708,31658,31625,31606,31603,31607,31616,31624,31628,31627,31620,31610,31600,1332,2022-03-06-23-49-28.782900,A1
53,31600,31624,31706,31880,32170,32569,33043,33531,33962,34278,34450,34478,34387,34212,33993,33762,33543,33348,33177,33023,32883,32758,32654,32585,32560,1333,2022-03-06-23-49-29.095297,A1
53,32585,32651,32740,32834,32910,32953,32956,32915,32838,32736,32618,32495,32374,32259,32153,32059,31974,31898,31834,31780,31738,31708,31692,31691,31702,1334,2022-03-06-23-49-29.455183,A1
53,31725,31755,31788,31817,31841,31854,31855,31845,31830,31816,31816,31856,31973,32205,32565,33038,33578,34114,34567,34883,35041,35051,34942,34760,34547,1335,2022-03-06-23-49-29.770750,A1
53,34336,34148,33991,33860,33745,33633,33517,33400,33293,33210,33162,33152,33173,33209,33241,33254,33240,33195,33120,33021,32906,32784,32660,32541,32431,1336,2022-03-06-23-49-30.085072,A1
53,32332,32243,32162,32091,32030,31980,31943,31919,31909,31910,31919,31931,31942,31950,31952,31945,31931,31910,31886,31861,31849,31870,31962,32156,32465,1337,2022-03-06-23-49-30.448111,A1
53,32876,33347,33809,34192,34451,34567,34551,34434,34257,34054,33857,33684,33538,33413,33297,33180,33057,32938,32836,32768,32740,32750,32786,32829,32865,1338,2022-03-06-23-49-30.760481,A1
53,32880,32867,32822,32752,32661,32560,32456,32355,32261,32175,32101,32035,31979,31933,31899,31876,31859,31848,31837,31826,31814,31803,31791,31781,31770,1339,2022-03-06-23-49-31.119887,A1
53,31763,31763,31785,31855,32001,32240,32571,32965,33369,33721,33972,34100,34107,34019,33870,33695,33523,33371,33247,33147,33060,32974,32884,32788,32695,1340,2022-03-06-23-49-31.435132,A1
53,32621,32576,32566,32587,32625,32664,32689,32690,32664,32612,32543,32463,32376,32291,32208,32133,32063,32000,31943,31891,31845,31811,31789,31778,31777,1341,2022-03-06-23-49-31.794881,A1
53,31783,31793,31805,31818,31833,31845,31851,31849,31836,31815,31787,31761,31744,31758,31833,31996,32260,32613,33017,33415,33747,33969,34070,34061,33969,1342,2022-03-06-23-49-32.155152,A1
53,33828,33672,33527,33404,33310,33238,33179,33120,33056,32985,32916,32859,32829,32830,32859,32904,32948,32975,32979,32958,32915,32859,32794,32725,32652,1343,2022-03-06-23-49-32.424921,A1
53,32580,32510,32444,32384,32332,32289,32254,32225,32202,32183,32172,32166,32167,32172,32180,32190,32196,32199,32196,32188,32173,32153,32130,32109,32096,1344,2022-03-06-23-49-32.829713,A1
53,32103,32153,32278,32494,32797,33158,33525,33837,34045,34132,34108,33999,33840,33666,33501,33361,33250,33164,33092,33025,32958,32896,32847,32822,32829,1345,2022-03-06-23-49-33.100425,A1
53,32866,32921,32980,33026,33048,33038,33000,32938,32860,32771,32679,32587,32496,32411,32332,32262,32202,32157,32127,32114,32118,32134,32158,32184,32208,1346,2022-03-06-23-49-33.459790,A1
53,32226,32235,32235,32227,32211,32188,32165,32148,32145,32178,32270,32444,32701,33026,33377,33701,33948,34088,34116,34050,33919,33756,33589,33438,33312,1347,2022-03-06-23-49-33.775067,A1
53,33212,33129,33054,32984,32916,32858,32821,32815,32838,32887,32949,33010,33053,33073,33065,33031,32976,32908,32833,32755,32678,32606,32540,32480,32428,1348,2022-03-06-23-49-34.090103,A1
53,32386,32352,32324,32304,32292,32287,32288,32296,32310,32324,32337,32348,32356,32360,32360,32356,32344,32325,32301,32274,32253,32255,32309,32447,32689,1349,2022-03-06-23-49-34.449579,A1
53,33027,33424,33826,34168,34401,34507,34495,34391,34229,34045,33870,33720,33601,33513,33447,33388,33327,33264,33201,33149,33119,33122,33156,33208,33262,1350,2022-03-06-23-49-34.766211,A1
53,33303,33321,33307,33267,33208,33134,33051,32964,32877,32791,32710,32637,32571,32514,32467,32430,32400,32379,32364,32355,32350,32350,32353,32357,32361,1351,2022-03-06-23-49-35.125359,A1
53,32363,32361,32353,32342,32326,32305,32279,32248,32215,32184,32167,32184,32270,32452,32742,33122,33547,33955,34284,34495,34577,34544,34426,34257,34070,1352,2022-03-06-23-49-35.439380,A1
53,33892,33736,33607,33502,33412,33329,33249,33176,33121,33091,33092,33125,33178,33236,33285,33313,33315,33288,33233,33155,33060,32955,32847,32740,32635,1353,2022-03-06-23-49-35.800309,A1
53,32535,32440,32352,32273,32206,32150,32108,32076,32058,32051,32052,32059,32065,32066,32061,32050,32032,32010,31986,31960,31938,31923,31935,31997,32140,1354,2022-03-06-23-49-36.114402,A1
53,32380,32713,33107,33511,33862,34112,34239,34246,34157,34005,33821,33634,33462,33312,33184,33072,32973,32883,32809,32756,32737,32755,32808,32886,32972,1355,2022-03-06-23-49-36.474213,A1
53,33048,33098,33114,33095,33045,32970,32880,32783,32686,32588,32495,32404,32318,32234,32157,32092,32043,32007,31988,31982,31987,31999,32017,32037,32056,1356,2022-03-06-23-49-36.789337,A1
53,32072,32082,32084,32078,32063,32039,32011,31981,31958,31957,32009,32153,32412,32788,33251,33743,34193,34544,34759,34838,34797,34667,34483,34281,34084,1357,2022-03-06-23-49-37.104121,A1
53,33910,33763,33637,33523,33414,33306,33205,33123,33072,33059,33083,33130,33184,33228,33248,33235,33189,33114,33017,32907,32791,32675,32564,32458,32359,1358,2022-03-06-23-49-37.419084,A1
53,32266,32179,32101,32032,31974,31929,31896,31875,31866,31866,31873,31884,31896,31906,31915,31920,31918,31910,31893,31869,31841,31813,31797,31816,31909,1359,2022-03-06-23-49-37.779572,A1
53,32109,32438,32883,33405,33935,34399,34743,34943,34998,34930,34776,34576,34359,34150,33964,33805,33667,33541,33423,33317,33234,33190,33195,33247,33329,1360,2022-03-06-23-49-38.094016,A1
53,33406,33443,33427,33361,33264,33161,33071,32996,32927,32850,32755,32642,32512,32372,32228,32089,31960,31845,31746,31663,31597,31545,31509,31490,31485,1361,2022-03-06-23-49-38.454456,A1
53,31491,31505,31524,31545,31564,31576,31580,31575,31565,31561,31586,31674,31858,32156,32557,33024,33492,33896,34183,34331,34344,34249,34080,33876,33669,1362,2022-03-06-23-49-38.769349,A1
53,33479,33320,33191,33085,32991,32905,32828,32766,32730,32726,32754,32803,32856,32900,32921,32909,32866,32795,32701,32591,32474,32354,32237,32128,32029,1363,2022-03-06-23-49-39.084397,A1
53,31942,31865,31799,31744,31702,31671,31655,31651,31660,31678,31702,31728,31754,31777,31797,31813,31823,31827,31822,31812,31799,31789,31803,31873,32032,1364,2022-03-06-23-49-39.443694,A1
53,32299,32667,33105,33554,33947,34232,34388,34414,34334,34181,33991,33795,33614,33459,33328,33218,33119,33027,32944,32878,32839,32836,32866,32918,32980,1365,2022-03-06-23-49-39.759112,A1
53,33035,33068,33076,33057,33013,32949,32871,32783,32691,32597,32507,32424,32349,32282,32224,32173,32130,32099,32081,32077,32084,32100,32118,32136,32147,1366,2022-03-06-23-49-40.119621,A1
53,32154,32152,32141,32125,32105,32087,32083,32119,32222,32412,32692,33041,33414,33753,34009,34150,34172,34090,33934,33739,33532,33335,33159,33004,32866,1367,2022-03-06-23-49-40.433702,A1
53,32744,32639,32557,32510,32505,32542,32612,32699,32782,32845,32880,32881,32853,32799,32727,32644,32553,32462,32374,32290,32215,32149,32093,32047,32013,1368,2022-03-06-23-49-40.793960,A1
53,31989,31976,31972,31975,31982,31993,32004,32016,32028,32039,32053,32079,32137,32259,32467,32764,33131,33523,33881,34154,34313,34352,34287,34149,33970,1369,2022-03-06-23-49-41.108876,A1
53,33778,33596,33439,33308,33199,33104,33020,32943,32879,32838,32826,32845,32890,32949,33007,33053,33075,33067,33029,32965,32880,32784,32686,32592,32503,1370,2022-03-06-23-49-41.423455,A1
53,32422,32351,32287,32231,32185,32149,32124,32110,32104,32106,32114,32122,32131,32139,32142,32136,32126,32112,32099,32105,32156,32282,32505,32825,33216,1371,2022-03-06-23-49-41.783552,A1
53,33626,33993,34266,34415,34440,34364,34220,34043,33864,33704,33571,33468,33386,33315,33245,33175,33106,33051,33018,33016,33040,33083,33129,33165,33178,1372,2022-03-06-23-49-42.098307,A1
53,33164,33122,33056,32972,32877,32780,32687,32599,32521,32452,32390,32333,32282,32239,32207,32185,32175,32171,32174,32179,32187,32194,32200,32201,32194,1373,2022-03-06-23-49-42.458196,A1
53,32180,32161,32138,32122,32128,32182,32314,32539,32853,33226,33608,33935,34161,34267,34257,34155,34000,33823,33652,33504,33383,33283,33197,33115,33033,1374,2022-03-06-23-49-42.775904,A1
53,32954,32886,32840,32826,32841,32879,32925,32966,32988,32984,32952,32897,32822,32734,32640,32545,32451,32363,32281,32207,32140,32085,32039,32005,31981,1375,2022-03-06-23-49-43.088036,A1
53,31966,31957,31953,31949,31948,31945,31943,31939,31933,31926,31921,31930,31976,32083,32271,32537,32859,33193,33483,33686,33778,33764,33667,33521,33363,1376,2022-03-06-23-49-43.447952,A1
53,33220,33109,33030,32971,32916,32851,32773,32688,32614,32566,32553,32574,32614,32660,32696,32712,32706,32680,32639,32590,32539,32487,32437,32388,32340,1377,2022-03-06-23-49-43.763507,A1
53,32292,32242,32194,32146,32101,32065,32042,32032,32035,32049,32072,32103,32137,32173,32207,32234,32254,32266,32271,32269,32264,32259,32273,32338,32484,1378,2022-03-06-23-49-44.122783,A1
53,32729,33064,33455,33844,34167,34381,34471,34444,34328,34157,33963,33772,33599,33455,33340,33248,33171,33101,33035,32975,32934,32920,32941,32995,33072,1379,2022-03-06-23-49-44.438395,A1
53,33151,33213,33245,33241,33198,33126,33035,32931,32820,32706,32595,32491,32397,32321,32266,32231,32213,32211,32218,32233,32256,32286,32324,32369,32420,1380,2022-03-06-23-49-44.753208,A1
53,32473,32522,32562,32587,32591,32576,32543,32496,32435,32368,32300,32239,32204,32236,32370,32627,32997,33444,33901,34294,34574,34720,34741,34661,34512,1381,2022-03-06-23-49-45.112764,A1
53,34324,34118,33911,33712,33528,33355,33189,33027,32876,32741,32631,32556,32526,32540,32593,32673,32759,32828,32863,32858,32812,32731,32619,32486,32339,1382,2022-03-06-23-49-45.428306,A1
53,32187,32036,31895,31765,31648,31549,31467,31404,31361,31337,31328,31336,31357,31386,31416,31443,31463,31473,31475,31472,31468,31467,31477,31517,31612,1383,2022-03-06-23-49-45.787486,A1
53,31789,32059,32411,32808,33197,33525,33751,33863,33871,33797,33669,33517,33365,33225,33104,32998,32901,32811,32732,32669,32633,32631,32664,32725,32799,1384,2022-03-06-23-49-46.102980,A1
53,32870,32924,32949,32939,32898,32832,32749,32659,32573,32493,32422,32363,32312,32269,32234,32207,32190,32183,32186,32198,32215,32235,32256,32273,32283,1385,2022-03-06-23-49-46.417367,A1
53,32290,32290,32288,32284,32289,32321,32407,32572,32824,33147,33500,33830,34086,34236,34273,34213,34082,33911,33728,33557,33411,33297,33211,33143,33085,1386,2022-03-06-23-49-46.777771,A1
53,33033,32989,32958,32951,32971,33017,33075,33133,33176,33193,33179,33135,33068,32986,32897,32808,32724,32646,32574,32508,32448,32393,32343,32300,32267,1387,2022-03-06-23-49-47.092258,A1
53,32246,32240,32246,32261,32284,32309,32336,32361,32384,32399,32404,32397,32376,32349,32319,32291,32277,32296,32378,32549,32820,33174,33571,33951,34252,1388,2022-03-06-23-49-47.452148,A1
53,34437,34495,34439,34296,34104,33897,33704,33541,33416,33325,33253,33187,33116,33040,32967,32909,32878,32879,32905,32945,32980,32999,32993,32960,32903,1389,2022-03-06-23-49-47.767520,A1
53,32829,32745,32657,32570,32488,32413,32344,32283,32232,32187,32151,32125,32108,32099,32099,32106,32119,32133,32148,32162,32175,32184,32188,32187,32181,1390,2022-03-06-23-49-48.082176,A1
53,32172,32158,32142,32124,32106,32089,32080,32097,32173,32340,32611,32973,33384,33777,34087,34269,34315,34242,34088,33892,33689,33502,33345,33220,33123,1391,2022-03-06-23-49-48.441981,A1
53,33046,32981,32924,32876,32845,32839,32864,32922,33005,33094,33174,33231,33259,33254,33220,33164,33093,33013,32933,32854,32779,32710,32646,32590,32548,1392,2022-03-06-23-49-48.757481,A1
53,32521,32509,32511,32524,32544,32567,32592,32616,32634,32646,32648,32640,32623,32601,32574,32546,32522,32506,32505,32530,32603,32744,32961,33240,33548,1393,2022-03-06-23-49-49.117287,A1
53,32630,32605,32586,32579,32589,32619,32663,32713,32758,32785,32790,32777,32748,32710,32665,32617,32572,32530,32495,32473,32463,32463,32472,32480,32483,2497,2022-03-06-23-55-57.028107,A1
53,32477,32459,32427,32382,32330,32277,32224,32172,32125,32092,32097,32171,32341,32607,32944,33302,33618,33844,33964,33987,33936,33837,33709,33567,33417,2498,2022-03-06-23-55-57.388415,A1
53,33268,33124,32989,32861,32741,32634,32548,32491,32470,32487,32535,32607,32689,32768,32833,32870,32872,32835,32757,32645,32512,32373,32245,32143,32076,2499,2022-03-06-23-55-57.705043,A1
53,32041,32032,32037,32047,32050,32041,32017,31983,31953,31939,31966,32066,32265,32571,32964,33396,33791,34079,34218,34204,34064,33849,33616,33405,33237,2500,2022-03-06-23-55-58.018246,A1
53,33121,33055,33024,33004,32976,32926,32853,32771,32704,32676,32699,32771,32865,32961,33045,33107,33135,33123,33068,32974,32850,32717,32604,32527,32489,2501,2022-03-06-23-55-58.333555,A1
53,32485,32502,32528,32555,32572,32570,32544,32499,32442,32383,32338,32319,32330,32373,32462,32623,32866,33180,33531,33869,34135,34290,34325,34255,34113,2502,2022-03-06-23-55-58.693584,A1
53,33931,33742,33572,33432,33319,33223,33124,33011,32881,32742,32614,32524,32492,32523,32606,32728,32865,32989,33074,33103,33067,32976,32855,32735,32643,2503,2022-03-06-23-55-59.007518,A1
53,32593,32581,32587,32601,32614,32620,32608,32574,32520,32453,32386,32333,32306,32304,32321,32345,32371,32393,32406,32401,32381,32367,32397,32504,32697,2504,2022-03-06-23-55-59.412782,A1
53,32964,33260,33525,33714,33807,33804,33714,33557,33356,33138,32927,32748,32612,32520,32465,32436,32424,32425,32437,32458,32486,32515,32539,32559,32570,2505,2022-03-06-23-55-59.684118,A1
53,32576,32579,32580,32575,32566,32551,32529,32499,32460,32414,32365,32320,32285,32262,32251,32250,32256,32266,32281,32301,32323,32342,32355,32360,32357,2506,2022-03-06-23-55-59.998248,A1
53,32348,32341,32343,32367,32437,32575,32792,33076,33393,33689,33913,34031,34040,33954,33804,33630,33458,33292,33136,33002,32891,32795,32719,32671,32642,2507,2022-03-06-23-56-00.357683,A1
53,32628,32633,32661,32708,32764,32820,32860,32875,32866,32836,32788,32733,32672,32608,32537,32458,32378,32305,32243,32193,32155,32131,32121,32122,32133,2508,2022-03-06-23-56-00.721540,A1
53,32152,32170,32182,32185,32182,32177,32172,32172,32176,32188,32209,32256,32352,32519,32762,33065,33388,33681,33898,34012,34020,33941,33799,33623,33436,2509,2022-03-06-23-56-01.032454,A1
53,33260,33107,32982,32885,32811,32752,32708,32680,32672,32686,32720,32773,32838,32900,32948,32976,32982,32965,32931,32888,32841,32791,32735,32675,32614,2510,2022-03-06-23-56-01.347034,A1
53,32556,32503,32458,32420,32394,32377,32367,32363,32365,32368,32369,32370,32372,32378,32389,32403,32418,32431,32441,32449,32452,32450,32441,32427,32425,2511,2022-03-06-23-56-01.662438,A1
53,32468,32590,32813,33128,33499,33864,34163,34350,34411,34356,34218,34031,33832,33646,33489,33369,33281,33216,33165,33120,33078,33042,33022,33027,33062,2512,2022-03-06-23-56-02.022094,A1
53,33123,33204,33287,33353,33384,33376,33325,33236,33121,32993,32860,32726,32602,32497,32414,32354,32316,32293,32280,32274,32277,32285,32299,32320,32344,2513,2022-03-06-23-56-02.337217,A1
53,32366,32383,32391,32387,32371,32345,32315,32282,32248,32216,32189,32168,32162,32193,32287,32464,32726,33049,33389,33690,33903,34005,33999,33899,33736,2514,2022-03-06-23-56-02.698272,A1
53,33541,33341,33158,33005,32884,32789,32713,32652,32604,32573,32567,32590,32643,32716,32797,32871,32927,32957,32960,32937,32895,32839,32775,32706,32638,2515,2022-03-06-23-56-03.057254,A1
53,32571,32507,32447,32392,32343,32303,32271,32250,32237,32231,32234,32243,32257,32275,32298,32321,32344,32364,32379,32385,32382,32370,32348,32319,32286,2516,2022-03-06-23-56-03.326409,A1
53,32255,32239,32266,32370,32570,32866,33226,33601,33930,34166,34284,34289,34200,34046,33857,33662,33482,33328,33201,33100,33017,32946,32887,32846,32830,2517,2022-03-06-23-56-03.687388,A1
53,32844,32890,32962,33046,33126,33190,33228,33234,33210,33159,33089,33005,32914,32825,32742,32667,32599,32535,32477,32424,32375,32324,32266,32199,32126,2518,2022-03-06-23-56-04.001699,A1
53,32053,31989,31947,31930,31931,31945,31968,31996,32023,32044,32056,32058,32052,32047,32066,32146,32318,32593,32962,33386,33805,34157,34402,34520,34521,2519,2022-03-06-23-56-04.361578,A1
53,34429,34277,34097,33918,33758,33625,33520,33439,33375,33321,33274,33236,33214,33212,33236,33285,33351,33420,33478,33517,33527,33505,33454,33378,33283,2520,2022-03-06-23-56-04.676481,A1
53,33176,33064,32954,32850,32755,32669,32594,32530,32475,32432,32400,32377,32364,32358,32355,32353,32349,32342,32332,32318,32300,32279,32259,32245,32263,2521,2022-03-06-23-56-04.991059,A1
53,32342,32508,32770,33112,33492,33852,34139,34316,34378,34339,34223,34060,33881,33704,33544,33405,33286,33181,33084,32993,32913,32850,32814,32808,32833,2522,2022-03-06-23-56-05.350754,A1
53,32880,32935,32985,33018,33027,33010,32968,32905,32829,32745,32656,32567,32484,32407,32334,32267,32206,32151,32102,32062,32028,32002,31983,31969,31961,2523,2022-03-06-23-56-05.666316,A1
53,31959,31963,31967,31970,31969,31964,31952,31935,31917,31902,31901,31940,32053,32264,32581,32981,33418,33829,34158,34371,34463,34444,34341,34183,34002,2524,2022-03-06-23-56-06.025634,A1
53,33820,33653,33507,33380,33266,33161,33068,32991,32939,32920,32936,32981,33044,33110,33163,33195,33198,33174,33127,33060,32978,32887,32794,32699,32607,2525,2022-03-06-23-56-06.340530,A1
53,32519,32434,32352,32279,32216,32166,32125,32095,32073,32059,32051,32052,32056,32060,32062,32061,32054,32043,32025,32004,31976,31948,31928,31938,32010,2526,2022-03-06-23-56-06.700736,A1
53,32175,32444,32807,33224,33636,33984,34229,34354,34364,34280,34132,33948,33752,33562,33387,33226,33076,32938,32817,32723,32664,32646,32668,32720,32789,2527,2022-03-06-23-56-07.015426,A1
53,32858,32913,32947,32951,32927,32877,32807,32720,32622,32520,32418,32321,32229,32144,32066,31994,31930,31877,31836,31807,31789,31780,31779,31783,31789,2528,2022-03-06-23-56-07.330437,A1
53,31796,31800,31801,31796,31787,31772,31760,31763,31806,31923,32145,32477,32903,33378,33842,34234,34516,34675,34714,34653,34521,34350,34162,33978,33806,2529,2022-03-06-23-56-07.690225,A1
53,33646,33494,33345,33204,33078,32981,32921,32903,32922,32967,33022,33068,33093,33088,33053,32989,32904,32803,32693,32575,32454,32334,32218,32109,32012,2530,2022-03-06-23-56-08.005185,A1
53,31926,31853,31792,31741,31698,31665,31642,31631,31629,31636,31646,31659,31672,31682,31688,31689,31681,31665,31641,31615,31601,31624,31723,31934,32274,2531,2022-03-06-23-56-08.365503,A1
53,32733,33274,33833,34341,34741,35005,35128,35125,35023,34857,34658,34448,34243,34049,33868,33697,33534,33385,33259,33164,33109,33095,33116,33157,33204,2532,2022-03-06-23-56-08.680340,A1
53,33241,33257,33245,33201,33127,33027,32909,32780,32645,32509,32377,32252,32134,32025,31927,31840,31767,31707,31664,31636,31621,31618,31626,31642,31661,2533,2022-03-06-23-56-08.994970,A1
53,31681,31701,31717,31725,31727,31721,31706,31685,31662,31645,31654,31724,31897,32201,32641,33187,33783,34354,34835,35181,35379,35433,35369,35219,35020,2534,2022-03-06-23-56-09.354911,A1
53,34800,34582,34372,34174,33984,33799,33621,33458,33323,33226,33175,33166,33188,33223,33252,33261,33242,33193,33116,33017,32902,32776,32643,32507,32375,2535,2022-03-06-23-56-09.670131,A1
53,32248,32129,32021,31924,31838,31761,31694,31639,31597,31569,31555,31553,31559,31569,31580,31589,31594,31594,31585,31568,31543,31514,31488,31483,31527,2536,2022-03-06-23-56-10.031280,A1
53,31660,31911,32289,32778,33332,33878,34349,34693,34890,34941,34869,34706,34489,34246,34000,33761,33533,33315,33108,32919,32762,32649,32590,32583,32618,2537,2022-03-06-23-56-10.344504,A1
53,32677,32740,32791,32817,32812,32774,32705,32615,32508,32391,32270,32148,32030,31918,31812,31715,31629,31554,31491,31443,31411,31393,31390,31399,31418,2538,2022-03-06-23-56-10.660052,A1
53,31443,31472,31498,31519,31531,31530,31518,31497,31474,31456,31465,31535,31705,32007,32446,32999,33611,34208,34719,35094,35313,35382,35322,35168,34959,2539,2022-03-06-23-56-11.019691,A1
53,34726,34488,34260,34042,33831,33626,33429,33249,33100,32993,32933,32919,32940,32978,33016,33040,33039,33005,32942,32851,32738,32609,32470,32326,32184,2540,2022-03-06-23-56-11.334194,A1
53,32049,31923,31809,31710,31626,31556,31502,31465,31441,31428,31427,31435,31449,31470,31492,31513,31531,31544,31549,31549,31546,31540,31536,31537,31558,2541,2022-03-06-23-56-11.739037,A1
53,31626,31788,32080,32520,33098,33763,34438,35041,35512,35815,35945,35922,35781,35562,35303,35032,34767,34515,34276,34044,33820,33608,33418,33263,33157,2542,2022-03-06-23-56-12.009120,A1
53,33100,33086,33102,33130,33150,33150,33119,33055,32960,32839,32700,32552,32402,32255,32116,31986,31866,31760,31667,31588,31526,31482,31455,31444,31446,2543,2022-03-06-23-56-12.368857,A1
53,31456,31472,31492,31516,31542,31568,31590,31607,31617,31621,31619,31610,31594,31573,31549,31535,31558,31657,31881,32262,32801,33462,34163,34814,35348,2544,2022-03-06-23-56-12.684865,A1
53,35727,35932,35975,35887,35699,35439,35143,34848,34566,34299,34046,33807,33591,33409,33271,33184,33150,33159,33193,33236,33269,33277,33249,33183,33081,2545,2022-03-06-23-56-12.998842,A1
53,32949,32792,32619,32439,32259,32086,31924,31776,31642,31522,31418,31331,31263,31213,31180,31164,31160,31165,31175,31187,31197,31205,31206,31202,31191,2546,2022-03-06-23-56-13.358558,A1
53,31174,31154,31138,31138,31183,31315,31574,31985,32537,33190,33867,34482,34961,35265,35378,35322,35132,34855,34534,34206,33892,33600,33330,33081,32857,2547,2022-03-06-23-56-13.719046,A1
53,32666,32524,32440,32420,32456,32531,32622,32709,32771,32795,32775,32713,32614,32490,32351,32207,32062,31922,31790,31665,31551,31453,31373,31312,31272,2548,2022-03-06-23-56-13.988478,A1
53,31250,31240,31241,31251,31272,31302,31339,31383,31429,31474,31516,31550,31574,31587,31590,31582,31568,31560,31586,31693,31934,32350,32945,33684,34490,2549,2022-03-06-23-56-14.393986,A1
53,35267,35923,36399,36663,36724,36610,36368,36049,35702,35359,35039,34744,34468,34206,33957,33731,33542,33402,33318,33287,33296,33329,33364,33383,33371,2550,2022-03-06-23-56-14.663837,A1
53,33317,33222,33090,32932,32757,32575,32395,32222,32058,31905,31765,31639,31527,31434,31360,31306,31272,31257,31257,31269,31292,31321,31353,31386,31420,2551,2022-03-06-23-56-15.023186,A1
53,31450,31474,31490,31498,31496,31485,31468,31453,31459,31525,31704,32046,32576,33280,34100,34941,35699,36290,36664,36811,36754,36543,36231,35869,35495,2552,2022-03-06-23-56-15.338421,A1
53,35134,34799,34487,34195,33923,33675,33459,33289,33173,33114,33100,33115,33141,33154,33140,33089,32998,32868,32707,32526,32334,32143,31962,31798,31652,2553,2022-03-06-23-56-15.697979,A1
53,31524,31415,31328,31261,31215,31189,31184,31195,31220,31258,31302,31347,31383,31406,31414,31405,31381,31348,31311,31277,31259,31291,31417,31684,32120,2554,2022-03-06-23-56-16.013209,A1
53,32717,33426,34160,34825,35335,35646,35747,35660,35426,35095,34719,34334,33963,33617,33299,33009,32755,32547,32403,32335,32345,32418,32533,32659,32770,2555,2022-03-06-23-56-16.327876,A1
53,32842,32865,32836,32758,32639,32490,32321,32141,31961,31788,31626,31478,31346,31234,31142,31072,31024,31001,30998,31012,31041,31082,31130,31178,31221,2556,2022-03-06-23-56-16.687646,A1
53,31255,31277,31289,31297,31321,31400,31587,31928,32449,33139,33940,34763,35505,36085,36453,36599,36543,36332,36020,35657,35286,34931,34603,34300,34018,2557,2022-03-06-23-56-17.002892,A1
53,33754,33511,33301,33136,33028,32981,32987,33028,33082,33124,33134,33101,33020,32897,32741,32565,32377,32190,32010,31840,31683,31543,31421,31316,31232,2558,2022-03-06-23-56-17.407566,A1
53,31170,31129,31108,31109,31127,31158,31198,31242,31282,31314,31337,31348,31346,31335,31320,31309,31326,31414,31629,32019,32600,33350,34199,35041,35769,2559,2022-03-06-23-56-17.680618,A1
53,36306,36610,36685,36568,36313,35978,35613,35252,34911,34594,34295,34006,33727,33463,33230,33044,32919,32853,32838,32855,32880,32891,32872,32815,32720,2560,2022-03-06-23-56-17.992517,A1
53,32594,32444,32280,32110,31941,31778,31625,31484,31361,31254,31164,31094,31042,31008,30990,30989,31002,31028,31063,31100,31135,31163,31182,31193,31196,2561,2022-03-06-23-56-18.352286,A1
53,31189,31172,31147,31120,31106,31146,31292,31593,32073,32723,33487,34275,34988,35545,35897,36037,35990,35801,35527,35216,34905,34612,34342,34088,33840,2562,2022-03-06-23-56-18.713182,A1
53,33595,33362,33155,32993,32888,32841,32841,32865,32895,32910,32898,32851,32770,32658,32524,32374,32218,32062,31910,31765,31631,31509,31403,31312,31240,2563,2022-03-06-23-56-19.117361,A1
53,31186,31151,31131,31125,31127,31134,31144,31155,31164,31169,31168,31158,31139,31112,31079,31048,31031,31057,31168,31403,31777,32275,32849,33424,33920,2564,2022-03-06-23-56-19.386975,A1
53,34282,34487,34537,34462,34300,34090,33861,33633,33413,33200,32994,32799,32622,32476,32375,32329,32332,32375,32437,32500,32544,32558,32538,32488,32409,2565,2022-03-06-23-56-19.657902,A1
53,32313,32205,32090,31974,31860,31754,31654,31564,31483,31413,31356,31315,31289,31277,31278,31290,31308,31334,31365,31397,31428,31455,31474,31486,31488,2566,2022-03-06-23-56-20.016841,A1
53,31484,31476,31466,31457,31459,31495,31604,31829,32189,32677,33250,33837,34361,34766,35021,35130,35113,35006,34847,34668,34491,34330,34186,34051,33919,2567,2022-03-06-23-56-20.332018,A1
53,33784,33645,33513,33398,33314,33268,33256,33267,33285,33295,33286,33252,33191,33109,33007,32893,32773,32653,32536,32428,32326,32233,32151,32078,32015,2568,2022-03-06-23-56-20.691682,A1
53,31962,31921,31890,31868,31856,31854,31856,31864,31875,31889,31902,31913,31919,31919,31912,31899,31881,31859,31833,31805,31779,31760,31765,31823,31975,2569,2022-03-06-23-56-21.006609,A1
53,32249,32654,33160,33713,34237,34666,34960,35107,35122,35036,34886,34708,34530,34368,34227,34103,33987,33869,33749,33631,33525,33446,33399,33389,33404,2570,2022-03-06-23-56-21.366739,A1
53,33433,33459,33469,33456,33418,33355,33275,33180,33076,32966,32853,32741,32631,32530,32437,32356,32286,32227,32179,32142,32113,32095,32084,32077,32075,2571,2022-03-06-23-56-21.681946,A1
53,32076,32081,32086,32091,32091,32086,32075,32060,32039,32014,31983,31948,31909,31872,31841,31826,31851,31955,32173,32517,32972,33491,34004,34441,34753,2572,2022-03-06-23-56-21.996260,A1
53,34925,34965,34897,34756,34578,34391,34212,34051,33907,33771,33638,33509,33393,33300,33242,33228,33252,33297,33347,33387,33403,33388,33343,33273,33183,2573,2022-03-06-23-56-22.356316,A1
53,33076,32959,32838,32716,32595,32479,32369,32266,32173,32090,32019,31959,31912,31878,31856,31844,31842,31847,31854,31859,31860,31855,31843,31825,31801,2574,2022-03-06-23-56-22.671610,A1
53,31773,31741,31710,31691,31708,31793,31980,32283,32694,33175,33664,34095,34417,34606,34664,34615,34491,34328,34151,33979,33819,33673,33537,33405,33278,2575,2022-03-06-23-56-22.987231,A1
53,33161,33064,33001,32978,32995,33042,33102,33159,33198,33208,33187,33133,33053,32955,32846,32732,32617,32506,32398,32296,32205,32124,32053,31992,31942,2576,2022-03-06-23-56-23.346050,A1
53,31902,31872,31853,31845,31845,31850,31861,31873,31886,31898,31906,31910,31908,31900,31886,31867,31844,31821,31802,31801,31850,31993,32262,32669,33193,2577,2022-03-06-23-56-23.662134,A1
53,33782,34361,34860,35232,35458,35543,35508,35388,35219,35032,34848,34679,34524,34377,34228,34073,33920,33779,33664,33587,33550,33548,33567,33590,33602,2578,2022-03-06-23-56-24.065760,A1
53,33592,33551,33479,33378,33258,33125,32985,32843,32704,32571,32446,32329,32219,32121,32033,31959,31902,31862,31834,31818,31809,31806,31806,31810,31815,2579,2022-03-06-23-56-24.380734,A1
53,31816,31812,31803,31786,31760,31729,31694,31661,31642,31668,31777,32007,32374,32864,33431,34005,34513,34898,35135,35226,35192,35064,34880,34670,34456,2580,2022-03-06-23-56-24.695702,A1
53,34249,34052,33859,33670,33486,33315,33167,33058,32995,32976,32986,33013,33040,33050,33034,32990,32917,32820,32704,32573,32435,32294,32154,32019,31893,2581,2022-03-06-23-56-25.010708,A1
53,31774,31665,31569,31488,31423,31374,31340,31318,31305,31298,31293,31288,31281,31270,31252,31231,31207,31186,31182,31225,31347,31576,31919,32354,32830,2582,2022-03-06-23-56-25.325352,A1
53,33283,33652,33900,34017,34014,33916,33753,33556,33351,33154,32972,32804,32647,32499,32365,32255,32186,32163,32184,32239,32308,32374,32421,32440,32428,2583,2022-03-06-23-56-25.685752,A1
53,32387,32324,32246,32158,32066,31975,31887,31807,31734,31669,31612,31564,31525,31496,31479,31474,31481,31499,31526,31557,31589,31618,31638,31651,31657,2584,2022-03-06-23-56-26.000379,A1
53,31655,31651,31647,31655,31699,31814,32032,32365,32799,33289,33771,34182,34481,34651,34699,34648,34531,34381,34224,34077,33948,33834,33729,33624,33516,2585,2022-03-06-23-56-26.360139,A1
53,33408,33308,33225,33171,33147,33153,33176,33201,33213,33202,33163,33099,33014,32917,32811,32702,32594,32492,32399,32314,32240,32172,32110,32053,32006,2586,2022-03-06-23-56-26.676506,A1
53,31970,31946,31934,31931,31934,31941,31950,31956,31961,31959,31951,31937,31918,31895,31875,31865,31891,31984,32176,32479,32880,33337,33792,34180,34460,2587,2022-03-06-23-56-26.990483,A1
53,34616,34657,34607,34497,34358,34214,34077,33956,33848,33746,33641,33533,33423,33320,33238,33186,33167,33174,33196,33219,33230,33221,33189,33134,33061,2588,2022-03-06-23-56-27.350571,A1
53,32974,32877,32774,32672,32573,32482,32399,32326,32260,32202,32151,32109,32080,32061,32053,32053,32055,32056,32052,32041,32022,32001,31977,31953,31932,2589,2022-03-06-23-56-27.665394,A1
53,31913,31895,31886,31907,31987,32151,32410,32752,33139,33515,33826,34034,34124,34110,34015,33871,33706,33545,33396,33261,33137,33016,32897,32785,32690,2590,2022-03-06-23-56-28.024715,A1
53,32621,32588,32590,32620,32662,32705,32735,32742,32721,32677,32614,32539,32456,32370,32285,32202,32124,32054,31992,31940,31896,31859,31830,31809,31797,2591,2022-03-06-23-56-28.339820,A1
53,31793,31797,31805,31817,31831,31843,31851,31854,31850,31839,31824,31811,31814,31856,31968,32170,32464,32829,33218,33574,33848,34016,34073,34038,33938,2592,2022-03-06-23-56-28.700001,A1
53,33803,33657,33522,33406,33311,33231,33159,33088,33016,32948,32895,32861,32853,32870,32904,32943,32976,32993,32986,32956,32906,32843,32771,32698,32626,2593,2022-03-06-23-56-29.015838,A1
53,32559,32494,32436,32383,32336,32296,32262,32237,32219,32208,32202,32203,32208,32217,32228,32240,32250,32256,32257,32253,32246,32235,32221,32204,32187,2594,2022-03-06-23-56-29.330292,A1
53,32172,32175,32224,32349,32571,32889,33274,33674,34029,34288,34427,34451,34384,34256,34104,33952,33818,33709,33623,33550,33482,33412,33338,33266,33206,2595,2022-03-06-23-56-29.691045,A1
53,33165,33150,33160,33186,33218,33246,33259,33250,33218,33165,33095,33018,32940,32868,32802,32740,32682,32628,32576,32529,32488,32454,32426,32402,32383,2596,2022-03-06-23-56-30.006912,A1
53,32372,32367,32366,32371,32378,32385,32392,32396,32395,32384,32367,32343,32315,32285,32257,32232,32217,32230,32302,32460,32718,33063,33455,33839,34155,2597,2022-03-06-23-56-30.322476,A1
53,34365,34457,34442,34346,34201,34037,33878,33739,33625,33529,33443,33359,33274,33192,33126,33085,33076,33097,33140,33188,33228,33247,33240,33205,33145,2598,2022-03-06-23-56-30.684101,A1
53,33065,32970,32859,32735,32602,32469,32343,32236,32151,32096,32069,32067,32085,32117,32157,32200,32243,32280,32311,32334,32349,32355,32353,32341,32322,2599,2022-03-06-23-56-30.999108,A1
53,32298,32273,32259,32281,32365,32533,32789,33115,33470,33800,34058,34213,34261,34214,34100,33946,33780,33621,33480,33359,33251,33148,33050,32956,32876,2600,2022-03-06-23-56-31.449940,A1
53,32821,32801,32813,32850,32898,32942,32970,32977,32958,32917,32859,32788,32709,32628,32547,32468,32393,32323,32260,32204,32156,32116,32084,32060,32047,2601,2022-03-06-23-56-31.677301,A1
53,32043,32049,32060,32075,32091,32104,32114,32119,32119,32112,32097,32076,32052,32028,32012,32021,32082,32230,32484,32848,33291,33756,34179,34507,34714,2602,2022-03-06-23-56-32.036426,A1
53,34797,34778,34687,34557,34413,34276,34156,34056,33968,33882,33791,33690,33587,33492,33419,33378,33368,33380,33401,33417,33418,33397,33350,33280,33192,2603,2022-03-06-23-56-32.351876,A1
53,33089,32981,32873,32768,32668,32574,32485,32404,32331,32265,32209,32161,32122,32093,32072,32058,32052,32048,32044,32038,32027,32009,31983,31950,31915,2604,2022-03-06-23-56-32.669233,A1
53,31881,31858,31867,31939,32102,32376,32753,33197,33649,34049,34346,34520,34573,34526,34410,34259,34099,33951,33821,33707,33601,33493,33379,33265,33160,2605,2022-03-06-23-56-33.028472,A1
53,33077,33024,33003,33009,33030,33054,33069,33065,33034,32978,32900,32803,32698,32589,32481,32375,32272,32175,32084,32003,31932,31876,31831,31800,31778,2606,2022-03-06-23-56-33.344482,A1
53,31763,31750,31739,31727,31715,31700,31684,31668,31652,31643,31660,31731,31879,32117,32435,32800,33159,33460,33668,33766,33760,33674,33535,33373,33210,2607,2022-03-06-23-56-33.705383,A1
53,33060,32924,32797,32675,32560,32456,32374,32328,32319,32345,32395,32451,32501,32532,32538,32518,32476,32416,32343,32263,32180,32095,32013,31937,31866,2608,2022-03-06-23-56-34.020508,A1
53,31802,31747,31702,31668,31647,31637,31636,31640,31648,31657,31666,31675,31681,31684,31686,31690,31714,31784,31930,32171,32505,32901,33309,33672,33943,2609,2022-03-06-23-56-34.337021,A1
53,34101,34146,34101,33994,33856,33712,33582,33474,33384,33304,33225,33140,33049,32963,32893,32848,32834,32847,32873,32902,32922,32924,32902,32857,32793,2610,2022-03-06-23-56-34.697475,A1
53,32716,32633,32551,32474,32401,32332,32267,32204,32144,32094,32055,32028,32013,32009,32010,32016,32025,32035,32043,32048,32052,32049,32040,32024,32005,2611,2022-03-06-23-56-35.013087,A1
53,31989,31992,32042,32171,32399,32725,33120,33536,33913,34201,34375,34440,34414,34327,34210,34086,33971,33877,33800,33730,33651,33552,33441,33327,33221,2612,2022-03-06-23-56-35.373335,A1
53,33138,33087,33064,33059,33063,33069,33067,33049,33007,32946,32871,32791,32708,32627,32550,32478,32410,32347,32291,32242,32200,32162,32130,32109,32099,2613,2022-03-06-23-56-35.689512,A1
53,32097,32099,32102,32105,32107,32106,32102,32095,32082,32065,32045,32023,32004,31992,32002,32058,32194,32426,32750,33139,33539,33891,34145,34283,34313,2614,2022-03-06-23-56-36.008374,A1
53,34258,34151,34021,33894,33781,33684,33602,33525,33443,33352,33253,33153,33070,33015,32991,32994,33013,33032,33040,33029,32996,32946,32884,32812,32735,2615,2022-03-06-23-56-36.365494,A1
53,32655,32574,32496,32423,32356,32295,32244,32199,32160,32127,32101,32083,32071,32066,32065,32065,32063,32058,32047,32032,32012,31987,31959,31929,31899,2616,2022-03-06-23-56-36.681583,A1
53,31874,31863,31885,31968,32133,32385,32706,33053,33371,33611,33746,33773,33714,33598,33454,33308,33175,33062,32966,32880,32797,32718,32648,32594,32568,2617,2022-03-06-23-56-37.042273,A1
53,32573,32606,32657,32711,32754,32779,32778,32753,32709,32650,32582,32508,32433,32361,32294,32234,32182,32136,32096,32062,32035,32015,32004,32003,32011,2618,2022-03-06-23-56-37.402509,A1
53,32025,32044,32060,32073,32081,32085,32085,32081,32073,32060,32043,32026,32016,32035,32111,32269,32521,32853,33227,33582,33867,34047,34116,34089,33996,2619,2022-03-06-23-56-37.675637,A1
53,33866,33726,33596,33488,33404,33341,33285,33226,33160,33089,33023,32974,32951,32953,32975,33008,33038,33057,33057,33035,32991,32930,32858,32783,32708,2620,2022-03-06-23-56-38.033929,A1
53,32639,32576,32517,32460,32401,32343,32286,32231,32180,32136,32101,32074,32055,32047,32047,32056,32069,32085,32099,32111,32119,32125,32132,32141,32148,2621,2022-03-06-23-56-38.349309,A1
53,32156,32164,32178,32214,32301,32471,32738,33094,33498,33893,34219,34435,34527,34513,34420,34280,34126,33983,33863,33769,33696,33632,33564,33486,33400,2622,2022-03-06-23-56-38.710080,A1
53,33315,33244,33199,33185,33201,33235,33272,33298,33303,33281,33236,33169,33088,32999,32908,32816,32729,32648,32577,32515,32463,32422,32389,32361,32334,2623,2022-03-06-23-56-39.025851,A1
53,32307,32279,32253,32228,32207,32194,32186,32181,32178,32177,32176,32176,32172,32160,32138,32107,32078,32069,32113,32242,32467,32775,33125,33458,33724,2624,2022-03-06-23-56-39.386344,A1
53,33886,33935,33884,33760,33589,33400,33219,33064,32946,32859,32793,32738,32694,32666,32659,32675,32710,32754,32793,32820,32830,32829,32816,32792,32758,2625,2022-03-06-23-56-39.703354,A1
53,32717,32672,32624,32571,32511,32444,32370,32296,32230,32178,32147,32136,32143,32163,32195,32235,32274,32302,32313,32304,32276,32240,32205,32181,32169,2626,2022-03-06-23-56-40.017643,A1
53,32169,32176,32186,32202,32234,32300,32423,32622,32896,33225,33569,33878,34108,34235,34258,34192,34072,33930,33790,33660,33543,33432,33325,33219,33123,2627,2022-03-06-23-56-40.378571,A1
53,33043,32984,32953,32949,32975,33028,33096,33161,33202,33206,33171,33101,33013,32925,32848,32785,32735,32694,32659,32630,32601,32566,32522,32469,32409,2628,2022-03-06-23-56-40.694373,A1
53,32351,32304,32274,32266,32276,32300,32331,32367,32403,32431,32443,32432,32399,32345,32284,32224,32178,32146,32128,32121,32144,32221,32384,32643,32984,2629,2022-03-06-23-56-41.009560,A1
53,33367,33738,34041,34242,34334,34330,34253,34127,33984,33848,33731,33635,33550,33462,33362,33250,33136,33037,32972,32949,32966,33016,33085,33156,33211,2630,2022-03-06-23-56-41.370712,A1
53,33232,33211,33149,33054,32943,32834,32739,32662,32600,32552,32512,32481,32453,32420,32376,32319,32255,32193,32145,32120,32118,32133,32160,32194,32230,2631,2022-03-06-23-56-41.686351,A1
53,32260,32277,32272,32243,32193,32133,32075,32029,32003,32004,32045,32154,32354,32647,33002,33369,33681,33885,33959,33918,33794,33625,33444,33274,33125,2632,2022-03-06-23-56-42.046971,A1
53,33004,32909,32832,32757,32677,32593,32513,32457,32440,32467,32532,32617,32701,32767,32808,32820,32798,32742,32655,32545,32427,32317,32227,32164,32126,2633,2022-03-06-23-56-42.362121,A1
53,32106,32097,32098,32107,32117,32119,32107,32078,32040,32003,31979,31974,31988,32014,32045,32076,32108,32132,32148,32167,32215,32326,32518,32793,33122,2634,2022-03-06-23-56-42.722735,A1
53,33453,33732,33921,34011,34010,33935,33805,33638,33453,33271,33108,32976,32878,32810,32765,32739,32735,32759,32807,32868,32923,32954,32952,32920,32869,2635,2022-03-06-23-56-43.083875,A1
53,32810,32756,32709,32668,32630,32595,32562,32530,32493,32444,32384,32315,32247,32192,32161,32157,32176,32209,32252,32301,32351,32394,32418,32414,32380,2636,2022-03-06-23-56-43.354181,A1
53,32321,32253,32193,32155,32145,32175,32262,32433,32697,33038,33409,33747,33990,34103,34089,33978,33815,33637,33472,33337,33238,33176,33143,33123,33092,2637,2022-03-06-23-56-43.714891,A1
53,33037,32958,32866,32783,32732,32728,32766,32832,32909,32981,33038,33067,33061,33013,32924,32802,32663,32524,32406,32322,32275,32258,32266,32296,32336,2638,2022-03-06-23-56-44.030297,A1
53,32374,32404,32414,32402,32375,32347,32328,32328,32345,32373,32402,32429,32453,32468,32467,32448,32426,32431,32499,32657,32909,33224,33545,33812,33987,2639,2022-03-06-23-56-44.390742,A1
53,34056,34029,33928,33776,33595,33411,33245,33111,33016,32957,32923,32902,32891,32895,32918,32959,33009,33053,33076,33072,33045,33002,32956,32909,32862,2640,2022-03-06-23-56-44.752577,A1
53,32816,32773,32731,32686,32632,32566,32485,32398,32318,32258,32226,32222,32238,32267,32302,32342,32380,32407,32414,32396,32354,32301,32256,32242,32284,2641,2022-03-06-23-56-45.021901,A1
53,32406,32615,32896,33219,33533,33779,33911,33912,33797,33602,33373,33156,32982,32861,32791,32757,32745,32740,32734,32720,32700,32681,32673,32683,32712,2642,2022-03-06-23-56-45.382596,A1
53,32757,32806,32848,32873,32877,32868,32844,32801,32738,32655,32558,32459,32374,32314,32285,32282,32296,32320,32353,32390,32425,32447,32448,32428,32393,2643,2022-03-06-23-56-45.699527,A1
53,32356,32330,32324,32334,32357,32383,32413,32453,32517,32624,32788,33010,33273,33547,33791,33969,34060,34065,33998,33889,33766,33651,33551,33461,33374,2644,2022-03-06-23-56-46.058877,A1
53,33282,33185,33089,33004,32939,32902,32895,32917,32965,33031,33097,33142,33151,33114,33038,32939,32840,32758,32701,32668,32652,32644,32639,32630,32608,2645,2022-03-06-23-56-46.375039,A1
53,32569,32515,32454,32399,32360,32347,32358,32388,32429,32475,32521,32556,32573,32564,32528,32474,32412,32359,32328,32337,32407,32560,32804,33122,33472,2646,2022-03-06-23-56-46.690456,A1
53,33793,34028,34138,34125,34018,33859,33688,33536,33417,33333,33280,33250,33228,33199,33151,33080,32994,32910,32849,32823,32833,32869,32915,32956,32981,2647,2022-03-06-23-56-47.050469,A1
53,32989,32977,32943,32884,32804,32710,32613,32526,32457,32411,32385,32374,32373,32382,32398,32414,32424,32419,32396,32357,32310,32267,32233,32213,32203,2648,2022-03-06-23-56-47.366780,A1
53,32200,32203,32212,32231,32265,32326,32430,32585,32780,32993,33188,33330,33395,33383,33306,33192,33067,32947,32834,32725,32614,32500,32389,32295,32238,2649,2022-03-06-23-56-47.726645,A1
53,32229,32267,32342,32442,32553,32651,32718,32739,32708,32635,32535,32429,32334,32263,32217,32190,32180,32185,32201,32219,32227,32218,32190,32151,32112,2650,2022-03-06-23-56-48.087957,A1
53,32085,32081,32102,32138,32180,32226,32274,32318,32352,32368,32373,32386,32445,32580,32803,33092,33397,33662,33842,33923,33916,33842,33721,33571,33410,2651,2022-03-06-23-56-48.357930,A1
53,33256,33122,33022,32957,32920,32899,32884,32875,32879,32900,32934,32968,32987,32984,32956,32909,32856,32807,32768,32738,32718,32712,32716,32722,32723,2652,2022-03-06-23-56-48.808586,A1
53,32709,32681,32640,32594,32550,32520,32505,32506,32523,32556,32597,32636,32657,32649,32613,32553,32482,32415,32364,32336,32342,32405,32545,32772,33069,2653,2022-03-06-23-56-49.078948,A1
53,33395,33694,33910,34015,34012,33926,33793,33649,33517,33412,33340,33300,33281,33265,33233,33168,33072,32957,32847,32764,32723,32724,32758,32808,32862,2654,2022-03-06-23-56-49.394555,A1
53,32905,32926,32914,32865,32782,32676,32564,32464,32387,32339,32315,32308,32314,32326,32338,32341,32328,32293,32244,32191,32147,32126,32131,32156,32190,2655,2022-03-06-23-56-49.710564,A1
53,32229,32270,32304,32323,32318,32286,32233,32189,32202,32308,32524,32827,33169,33488,33733,33875,33908,33842,33699,33507,33299,33106,32953,32847,32786,2656,2022-03-06-23-56-50.025715,A1
53,32752,32730,32718,32716,32728,32754,32788,32818,32829,32821,32799,32767,32735,32709,32686,32664,32645,32630,32611,32577,32521,32445,32356,32267,32194,2657,2022-03-06-23-56-50.386078,A1
53,32151,32139,32151,32184,32228,32277,32320,32344,32339,32307,32250,32181,32118,32077,32069,32112,32225,32419,32690,33008,33320,33568,33705,33717,33623,2658,2022-03-06-23-56-50.703099,A1
53,33461,33276,33104,32970,32882,32836,32827,32840,32853,32848,32819,32767,32706,32657,32639,32659,32708,32769,32821,32853,32861,32842,32795,32728,32646,2659,2022-03-06-23-56-51.062165,A1
53,32555,32470,32402,32356,32332,32326,32338,32368,32418,32476,32526,32550,32535,32485,32407,32325,32258,32223,32219,32241,32280,32329,32378,32422,32474,2660,2022-03-06-23-56-51.377699,A1
53,32555,32690,32889,33143,33422,33677,33865,33959,33966,33905,33801,33678,33547,33417,33294,33182,33085,33005,32943,32894,32858,32840,32846,32883,32944,2661,2022-03-06-23-56-51.738345,A1
53,33016,33071,33092,33068,33007,32922,32836,32765,32713,32680,32664,32660,32662,32658,32639,32604,32555,32504,32465,32450,32459,32484,32520,32560,32600,2662,2022-03-06-23-56-52.053849,A1
53,32636,32660,32662,32635,32579,32501,32418,32343,32288,32260,32266,32320,32445,32655,32937,33256,33561,33803,33943,33975,33915,33795,33643,33484,33338,2663,2022-03-06-23-56-52.372425,A1
53,33222,33140,33082,33034,32977,32905,32817,32729,32657,32618,32616,32646,32699,32763,32828,32878,32899,32882,32829,32746,32647,32550,32466,32404,32363,2664,2022-03-06-23-56-52.729880,A1
53,32343,32340,32351,32368,32379,32374,32352,32317,32278,32248,32235,32242,32262,32289,32319,32346,32365,32368,32351,32310,32254,32199,32171,32199,32309,2665,2022-03-06-23-56-53.045306,A1
53,32514,32801,33136,33470,33751,33943,34025,33990,33859,33675,33474,33282,33126,33020,32951,32898,32851,32806,32758,32707,32659,32613,32571,32533,32497,2666,2022-03-06-23-56-53.406424,A1
53,32459,32422,32388,32356,32330,32309,32289,32263,32225,32176,32122,32076,32046,32038,32051,32081,32125,32178,32238,32296,32347,32382,32398,32397,32382,2667,2022-03-06-23-56-53.721929,A1
53,32363,32349,32344,32352,32372,32403,32443,32502,32596,32742,32949,33206,33484,33740,33938,34056,34087,34034,33923,33784,33642,33513,33400,33302,33206,2668,2022-03-06-23-56-54.082208,A1
53,33107,33010,32926,32868,32845,32858,32908,32986,33085,33184,33262,33301,33294,33245,33164,33067,32973,32895,32836,32792,32761,32738,32720,32697,32664,2669,2022-03-06-23-56-54.491876,A1
53,32615,32553,32480,32407,32349,32315,32309,32326,32361,32407,32456,32498,32526,32537,32522,32482,32425,32368,32316,32281,32285,32360,32526,32787,33125,2670,2022-03-06-23-56-54.713394,A1
53,33494,33830,34081,34219,34245,34183,34065,33919,33774,33648,33542,33449,33358,33256,33139,33009,32879,32763,32679,32632,32621,32636,32669,32706,32734,2671,2022-03-06-23-56-55.073935,A1
53,32750,32756,32753,32744,32729,32711,32685,32652,32611,32567,32526,32486,32448,32411,32378,32349,32325,32306,32292,32280,32269,32255,32242,32232,32220,2672,2022-03-06-23-56-55.389139,A1
53,32207,32195,32185,32174,32164,32156,32164,32205,32310,32493,32751,33054,33355,33603,33760,33815,33776,33668,33517,33350,33190,33049,32932,32838,32761,2673,2022-03-06-23-56-55.705046,A1
53,32695,32640,32600,32584,32599,32644,32714,32795,32871,32930,32964,32969,32951,32915,32868,32813,32756,32702,32650,32602,32561,32524,32492,32463,32439,2674,2022-03-06-23-56-56.065433,A1
53,32420,32407,32400,32400,32403,32409,32416,32422,32424,32424,32417,32405,32388,32371,32358,32371,32436,32575,32795,33082,33399,33694,33916,34037,34054,2675,2022-03-06-23-56-56.380429,A1
53,33983,33849,33682,33510,33352,33218,33113,33034,32972,32918,32868,32823,32789,32775,32785,32818,32867,32919,32961,32986,32989,32970,32932,32880,32820,2676,2022-03-06-23-56-56.786083,A1
53,32759,32698,32640,32588,32542,32500,32462,32430,32402,32380,32364,32351,32344,32341,32345,32351,32361,32371,32378,32380,32377,32369,32354,32336,32317,2677,2022-03-06-23-56-57.056673,A1
53,32300,32296,32325,32414,32584,32839,33159,33498,33801,34020,34132,34137,34055,33913,33741,33566,33407,33277,33176,33098,33031,32966,32899,32838,32790,2678,2022-03-06-23-56-57.507067,A1
53,32764,32765,32792,32833,32877,32913,32933,32930,32904,32859,32800,32735,32669,32606,32546,32490,32438,32390,32349,32317,32293,32276,32264,32257,32254,2679,2022-03-06-23-56-57.733707,A1
53,32256,32262,32270,32278,32286,32292,32296,32298,32298,32294,32283,32265,32242,32219,32201,32208,32267,32406,32633,32937,33280,33607,33864,34018,34062,2680,2022-03-06-23-56-58.093088,A1
53,34011,33891,33734,33567,33412,33282,33180,33100,33033,32973,32916,32863,32825,32811,32824,32861,32914,32968,33010,33033,33030,33005,32961,32905,32841,2681,2022-03-06-23-56-58.408470,A1
53,32774,32705,32637,32571,32508,32451,32402,32359,32324,32297,32277,32263,32255,32251,32248,32248,32249,32254,32259,32261,32254,32240,32221,32197,32176,2682,2022-03-06-23-56-58.725153,A1
53,32169,32198,32285,32447,32681,32964,33251,33493,33652,33713,33682,33581,33435,33274,33116,32976,32859,32766,32687,32617,32559,32514,32491,32495,32527,2683,2022-03-06-23-56-59.039359,A1
53,32582,32650,32716,32770,32802,32809,32792,32754,32702,32643,32582,32521,32463,32409,32361,32319,32282,32250,32225,32206,32194,32188,32190,32197,32210,2684,2022-03-06-23-56-59.399868,A1
53,32226,32245,32263,32279,32291,32299,32303,32300,32291,32275,32255,32239,32243,32294,32422,32640,32937,33280,33619,33899,34078,34148,34116,34010,33858,2685,2022-03-06-23-56-59.715969,A1
53,33689,33527,33389,33277,33189,33120,33060,33002,32946,32898,32866,32855,32868,32901,32944,32985,33017,33027,33014,32979,32929,32868,32802,32736,32673,2686,2022-03-06-23-57-00.120872,A1
53,32612,32556,32505,32461,32422,32389,32361,32338,32320,32309,32305,32307,32313,32325,32339,32352,32361,32366,32365,32356,32343,32327,32311,32297,32295,2687,2022-03-06-23-57-00.391563,A1
53,32327,32421,32597,32856,33178,33517,33820,34040,34155,34169,34101,33977,33827,33672,33532,33414,33322,33249,33188,33131,33076,33026,32987,32971,32978,2688,2022-03-06-23-57-00.796844,A1
53,33008,33051,33098,33136,33155,33151,33125,33079,33019,32953,32884,32815,32749,32686,32629,32577,32532,32493,32461,32435,32416,32404,32399,32399,32399,2689,2022-03-06-23-57-01.068811,A1
53,32398,32393,32384,32371,32356,32341,32326,32312,32306,32319,32374,32494,32690,32950,33244,33524,33743,33871,33900,33845,33729,33581,33425,33277,33148,2690,2022-03-06-23-57-01.427872,A1
53,33038,32944,32859,32783,32719,32672,32650,32657,32692,32746,32804,32855,32890,32899,32885,32849,32798,32737,32670,32599,32528,32459,32396,32339,32290,2691,2022-03-06-23-57-01.743099,A1
53,32248,32211,32180,32156,32138,32128,32125,32127,32131,32135,32134,32130,32125,32129,32160,32245,32405,32646,32950,33285,33598,33843,33992,34041,34002,2692,2022-03-06-23-57-02.058897,A1
53,33899,33761,33612,33470,33345,33243,33158,33084,33013,32944,32881,32834,32810,32815,32845,32890,32936,32972,32990,32985,32957,32909,32846,32773,32694,2693,2022-03-06-23-57-02.419196,A1
53,32617,32541,32471,32408,32351,32301,32260,32226,32202,32187,32180,32180,32186,32192,32197,32197,32191,32177,32156,32131,32107,32093,32106,32174,32322,2694,2022-03-06-23-57-02.780055,A1
53,32563,32883,33252,33618,33926,34138,34242,34246,34172,34050,33911,33776,33659,33562,33483,33413,33341,33265,33187,33111,33049,33011,32999,33007,33030,2695,2022-03-06-23-57-03.095500,A1
53,33054,33066,33060,33034,32988,32925,32854,32778,32702,32626,32554,32485,32421,32360,32305,32256,32213,32176,32149,32129,32116,32107,32104,32102,32099,2696,2022-03-06-23-57-03.410375,A1
53,32093,32085,32072,32055,32034,32014,31999,32009,32071,32212,32441,32750,33104,33450,33736,33925,34006,33989,33900,33769,33626,33491,33378,33286,33207,2697,2022-03-06-23-57-03.726376,A1
53,33135,33059,32979,32900,32834,32791,32775,32785,32812,32842,32864,32869,32854,32819,32768,32706,32638,32567,32497,32428,32362,32299,32243,32192,32147,2698,2022-03-06-23-57-04.086489,A1
