,id,dp1,dp2,dp3,dp4,dp5,dp6,dp7,dp8,dp9,dp10,dp11,dp12,dp13,dp14,dp15,dp16,dp17,dp18,dp19,dp20,dp21,dp22,dp23,dp24,dp25,counter,date,takes
0,53,33855,33805,33732,33606,33409,33152,32873,32621,32428,32307,32261,32297,32416,32608,32848,33094,33294,33401,33393,33284,33119,32945,32790,32652,32529,1234,2022-03-06-23-48-48.843408,A1
1,53,32433,32385,32402,32483,32601,32700,32719,32622,32418,32154,31893,31681,31531,31444,31436,31553,31834,32288,32873,33487,33994,34288,34332,34170,33887,1235,2022-03-06-23-48-49.203395,A1
2,53,33556,33213,32874,32555,32277,32067,31940,31883,31848,31774,31626,31419,31213,31080,31058,31129,31246,31361,31459,31549,31649,31762,31858,31886,31805,1236,2022-03-06-23-48-49.607069,A1
3,53,31626,31408,31223,31115,31085,31099,31127,31158,31200,31272,31378,31494,31576,31596,31577,31593,31726,32017,32446,32945,33431,33839,34141,34334,34423,1237,2022-03-06-23-48-49.833306,A1
4,53,34401,34253,33979,33621,33252,32944,32735,32623,32583,32590,32633,32721,32858,33034,33212,33335,33361,33292,33167,33046,32971,32960,33003,33082,33181,1238,2022-03-06-23-48-50.191513,A1
5,53,33279,33358,33403,33398,33330,33197,33029,32865,32740,32662,32624,32611,32623,32663,32739,32853,33012,33213,33442,33679,33922,34170,34411,34617,34759,1239,2022-03-06-23-48-50.513152,A1
6,53,34824,34817,34762,34683,34594,34493,34356,34158,33900,33619,33365,33175,33053,32989,32976,33018,33119,33262,33412,33518,33535,33440,33249,33018,32808,1240,2022-03-06-23-48-50.865978,A1
7,53,32653,32553,32499,32489,32523,32600,32706,32812,32877,32857,32730,32508,32249,32017,31856,31786,31823,31985,32298,32767,33364,34020,34640,35124,35402,1241,2022-03-06-23-48-51.180735,A1
8,53,35464,35361,35160,34909,34642,34396,34208,34101,34078,34108,34134,34098,33964,33739,33483,33278,33181,33196,33284,33401,33516,33622,33724,33828,33925,1242,2022-03-06-23-48-51.496013,A1
9,53,33980,33951,33819,33604,33357,33131,32951,32817,32719,32658,32637,32656,32704,32751,32757,32691,32559,32415,32347,32420,32643,32971,33333,33657,33896,1243,2022-03-06-23-48-51.856220,A1
10,53,34030,34057,33974,33778,33462,33046,32584,32141,31769,31482,31274,31132,31048,31023,31061,31159,31294,31430,31529,31569,31562,31533,31510,31511,31537,1244,2022-03-06-23-48-52.170168,A1
11,53,31580,31636,31696,31737,31741,31699,31609,31470,31297,31118,30968,30862,30805,30797,30845,30943,31089,31292,31579,31962,32435,32970,33528,34046,34464,1245,2022-03-06-23-48-52.530483,A1
12,53,34745,34883,34891,34797,34639,34454,34263,34084,33919,33743,33520,33228,32879,32508,32167,31907,31758,31708,31715,31731,31723,31676,31593,31492,31400,1246,2022-03-06-23-48-52.889441,A1
13,53,31340,31326,31366,31465,31622,31821,32032,32230,32403,32559,32706,32856,33012,33170,33313,33428,33505,33543,33544,33515,33479,33472,33527,33657,33846,1247,2022-03-06-23-48-53.204429,A1
14,53,34057,34240,34348,34353,34262,34100,33903,33707,33539,33415,33338,33301,33285,33269,33236,33179,33103,33025,32964,32939,32954,33001,33059,33111,33136,1248,2022-03-06-23-48-53.519116,A1
15,53,33125,33074,32987,32875,32751,32624,32509,32413,32342,32295,32267,32249,32232,32210,32182,32152,32125,32102,32084,32070,32055,32040,32031,32040,32093,1249,2022-03-06-23-48-53.878739,A1
16,53,32225,32460,32801,33221,33668,34077,34389,34569,34613,34536,34370,34149,33908,33670,33454,33264,33098,32944,32801,32669,32558,32480,32442,32451,32497,1250,2022-03-06-23-48-54.193699,A1
17,53,32565,32641,32709,32756,32772,32753,32698,32610,32499,32374,32248,32124,32008,31898,31794,31693,31598,31509,31432,31364,31306,31254,31208,31173,31154,1251,2022-03-06-23-48-54.508645,A1
18,53,31164,31233,31389,31643,31985,32380,32770,33094,33303,33376,33319,33152,32905,32613,32311,32023,31766,31541,31349,31187,31056,30962,30913,30914,30965,1252,2022-03-06-23-48-54.868310,A1
19,53,31058,31180,31310,31432,31531,31600,31642,31657,31653,31637,31617,31596,31579,31570,31566,31564,31565,31572,31587,31615,31657,31711,31771,31834,31897,1253,2022-03-06-23-48-55.183131,A1
20,53,31956,32009,32057,32102,32154,32233,32377,32621,32980,33435,33942,34433,34836,35107,35229,35213,35086,34885,34643,34391,34151,33937,33754,33600,33471,1254,2022-03-06-23-48-55.497813,A1
21,53,33360,33263,33182,33123,33095,33107,33157,33236,33325,33406,33460,33478,33461,33414,33348,33271,33190,33107,33023,32938,32853,32767,32685,32609,32542,1255,2022-03-06-23-48-55.857557,A1
22,53,32486,32445,32417,32402,32397,32399,32399,32398,32392,32386,32388,32420,32514,32705,33007,33408,33867,34320,34698,34955,35067,35039,34894,34667,34398,1256,2022-03-06-23-48-56.172422,A1
23,53,34125,33875,33663,33488,33341,33211,33096,32994,32916,32872,32873,32923,33015,33136,33268,33388,33483,33546,33575,33577,33557,33520,33471,33416,33358,1257,2022-03-06-23-48-56.577184,A1
24,53,33299,33239,33178,33117,33055,32994,32937,32885,32844,32813,32795,32786,32786,32789,32788,32782,32773,32764,32769,32815,32936,33157,33477,33867,34275,1258,2022-03-06-23-48-56.847553,A1
25,53,34637,34897,35022,35012,34881,34660,34384,34085,33792,33521,33276,33056,32860,32687,32546,32446,32396,32396,32438,32508,32588,32655,32700,32716,32703,1259,2022-03-06-23-48-57.161756,A1
26,53,32664,32607,32536,32457,32371,32281,32190,32101,32015,31933,31853,31774,31697,31621,31546,31474,31407,31344,31282,31223,31167,31118,31087,31096,31173,1260,2022-03-06-23-48-57.521865,A1
27,53,31340,31600,31926,32276,32597,32838,32971,32991,32910,32750,32542,32314,32095,31901,31734,31591,31465,31353,31259,31195,31169,31188,31249,31343,31454,1261,2022-03-06-23-48-57.836940,A1
28,53,31566,31658,31720,31740,31723,31673,31606,31537,31476,31430,31397,31376,31360,31346,31335,31331,31337,31354,31384,31420,31459,31500,31543,31590,31637,1262,2022-03-06-23-48-58.241203,A1
29,53,31686,31736,31793,31875,32016,32256,32613,33077,33611,34151,34627,34985,35199,35268,35210,35054,34835,34588,34344,34124,33937,33781,33650,33536,33435,1263,2022-03-06-23-48-58.511022,A1
30,53,33349,33287,33257,33267,33316,33392,33479,33560,33619,33649,33649,33620,33570,33501,33419,33329,33236,33140,33045,32950,32861,32781,32714,32660,32621,1264,2022-03-06-23-48-58.826345,A1
31,53,32591,32568,32546,32523,32500,32476,32454,32434,32419,32415,32443,32538,32733,33037,33434,33878,34303,34644,34856,34926,34864,34702,34475,34223,33976,1265,2022-03-06-23-48-59.185937,A1
32,53,33755,33562,33394,33245,33110,32987,32883,32810,32781,32804,32874,32983,33105,33215,33291,33323,33315,33277,33226,33174,33128,33087,33049,33009,32963,1266,2022-03-06-23-48-59.500731,A1
33,53,32909,32851,32790,32731,32676,32629,32590,32561,32544,32538,32541,32550,32558,32560,32555,32544,32533,32540,32592,32722,32950,33272,33657,34055,34403,1267,2022-03-06-23-48-59.860355,A1
34,53,34653,34777,34774,34657,34452,34190,33907,33629,33376,33156,32969,32809,32670,32556,32474,32431,32436,32487,32573,32674,32770,32840,32874,32870,32838,1268,2022-03-06-23-49-00.175592,A1
35,53,32787,32725,32661,32595,32526,32454,32379,32301,32223,32151,32086,32028,31978,31936,31898,31865,31836,31809,31782,31753,31719,31682,31653,31652,31710,1269,2022-03-06-23-49-00.806107,A1
36,53,31853,32086,32390,32722,33023,33242,33348,33335,33218,33026,32791,32541,32299,32073,31869,31681,31511,31363,31247,31171,31142,31164,31230,31328,31441,1270,2022-03-06-23-49-00.851581,A1
37,53,31549,31631,31676,31680,31646,31586,31516,31447,31389,31345,31316,31301,31295,31301,31319,31348,31384,31428,31477,31527,31579,31634,31692,31747,31795,1271,2022-03-06-23-49-01.166818,A1
38,53,31829,31844,31845,31844,31868,31956,32139,32431,32816,33252,33680,34043,34299,34430,34441,34352,34191,33991,33787,33605,33458,33344,33256,33179,33105,1272,2022-03-06-23-49-01.526649,A1
39,53,33031,32966,32922,32911,32940,33006,33098,33194,33278,33335,33362,33363,33344,33312,33272,33224,33169,33107,33041,32974,32907,32841,32777,32718,32667,1273,2022-03-06-23-49-01.842451,A1
40,53,32630,32610,32607,32615,32626,32631,32628,32617,32599,32580,32563,32554,32572,32645,32804,33062,33408,33801,34183,34494,34691,34760,34710,34572,34377,1274,2022-03-06-23-49-02.157219,A1
41,53,34162,33955,33775,33625,33501,33395,33299,33213,33140,33087,33062,33072,33117,33190,33277,33367,33442,33487,33496,33473,33424,33361,33294,33231,33172,1275,2022-03-06-23-49-02.517324,A1
42,53,33115,33056,32995,32933,32874,32824,32785,32757,32737,32726,32721,32724,32732,32744,32758,32768,32771,32763,32744,32719,32704,32728,32825,33015,33293,1276,2022-03-06-23-49-02.834507,A1
43,53,33629,33968,34255,34447,34521,34484,34355,34161,33933,33699,33484,33298,33140,33004,32876,32753,32638,32543,32482,32464,32487,32535,32589,32630,32645,1277,2022-03-06-23-49-03.192781,A1
44,53,32626,32582,32522,32453,32386,32323,32264,32205,32145,32084,32021,31957,31894,31830,31767,31706,31647,31592,31544,31502,31468,31441,31418,31397,31375,1278,2022-03-06-23-49-03.508228,A1
45,53,31356,31344,31355,31417,31556,31789,32108,32483,32863,33192,33427,33548,33556,33466,33306,33105,32890,32684,32500,32342,32205,32088,31989,31915,31876,1279,2022-03-06-23-49-03.868224,A1
46,53,31881,31932,32028,32154,32293,32426,32534,32609,32647,32653,32636,32606,32572,32541,32514,32491,32469,32442,32406,32365,32322,32286,32265,32264,32282,1280,2022-03-06-23-49-04.183538,A1
47,53,32315,32359,32406,32451,32491,32524,32544,32551,32542,32520,32488,32457,32447,32491,32625,32870,33222,33645,34079,34459,34732,34871,34879,34776,34591,1281,2022-03-06-23-49-04.543964,A1
48,53,34356,34104,33861,33645,33460,33299,33155,33023,32900,32794,32717,32684,32698,32756,32839,32929,33004,33050,33064,33049,33013,32964,32903,32831,32753,1282,2022-03-06-23-49-04.858906,A1
49,53,32669,32581,32494,32409,32328,32251,32179,32119,32078,32061,32071,32105,32159,32219,32278,32330,32372,32404,32425,32437,32438,32430,32419,32417,32443,1283,2022-03-06-23-49-05.174054,A1
50,53,32530,32707,32989,33358,33775,34182,34521,34746,34842,34815,34683,34477,34231,33978,33742,33536,33364,33220,33095,32989,32902,32842,32817,32833,32889,1284,2022-03-06-23-49-05.534887,A1
51,53,32978,33085,33193,33283,33342,33365,33354,33313,33257,33192,33124,33054,32984,32912,32839,32766,32696,32631,32574,32527,32493,32474,32467,32472,32489,1285,2022-03-06-23-49-05.849818,A1
52,53,32509,32529,32544,32550,32542,32519,32481,32436,32390,32356,32357,32425,32579,32822,33130,33463,33765,33989,34100,34089,33965,33752,33482,33189,32907,1286,2022-03-06-23-49-06.164463,A1
53,53,32658,32446,32266,32110,31970,31846,31744,31677,31654,31678,31740,31821,31899,31954,31975,31959,31913,31849,31776,31700,31629,31567,31515,31473,31441,1287,2022-03-06-23-49-06.524769,A1
54,53,31414,31391,31370,31352,31338,31330,31331,31342,31364,31396,31436,31481,31526,31564,31588,31598,31594,31582,31581,31619,31731,31946,32267,32675,33123,1288,2022-03-06-23-49-06.840291,A1
55,53,33551,33898,34127,34223,34196,34068,33872,33641,33408,33193,33006,32848,32717,32605,32515,32450,32420,32433,32493,32596,32728,32871,33004,33114,33191,1289,2022-03-06-23-49-07.200106,A1
56,53,33233,33244,33230,33201,33162,33120,33075,33026,32970,32906,32834,32757,32681,32613,32559,32526,32514,32522,32546,32576,32606,32630,32645,32653,32655,1290,2022-03-06-23-49-07.605502,A1
57,53,32650,32637,32613,32578,32536,32500,32498,32569,32741,33025,33402,33827,34242,34586,34817,34919,34896,34767,34567,34327,34081,33851,33646,33466,33308,1291,2022-03-06-23-49-07.830802,A1
58,53,33168,33043,32943,32881,32867,32908,33000,33128,33265,33388,33474,33515,33509,33466,33398,33321,33243,33167,33093,33018,32943,32866,32791,32721,32660,1292,2022-03-06-23-49-08.190539,A1
59,53,32608,32570,32550,32551,32572,32612,32665,32721,32771,32812,32839,32851,32848,32834,32808,32776,32743,32722,32737,32824,33011,33304,33681,34099,34500,1293,2022-03-06-23-49-08.505628,A1
60,53,34822,35025,35097,35044,34890,34668,34414,34162,33928,33719,33530,33356,33194,33049,32932,32857,32831,32854,32914,32993,33069,33125,33152,33144,33104,1294,2022-03-06-23-49-09.000734,A1
61,53,33039,32953,32852,32744,32632,32527,32431,32350,32279,32213,32145,32074,31997,31918,31842,31775,31717,31669,31628,31594,31563,31531,31496,31455,31408,1295,2022-03-06-23-49-09.225967,A1
62,53,31361,31332,31353,31459,31674,31997,32403,32840,33240,33548,33726,33764,33676,33491,33246,32976,32711,32464,32244,32045,31867,31714,31597,31528,31521,1296,2022-03-06-23-49-09.495939,A1
63,53,31580,31693,31839,31990,32119,32207,32246,32238,32196,32132,32058,31986,31915,31847,31780,31716,31653,31592,31534,31482,31440,31413,31404,31416,31446,1297,2022-03-06-23-49-09.857097,A1
64,53,31491,31546,31606,31668,31726,31779,31821,31849,31858,31848,31825,31800,31797,31848,31994,32263,32656,33143,33671,34171,34575,34843,34960,34935,34795,1298,2022-03-06-23-49-10.171194,A1
65,53,34575,34317,34054,33813,33605,33429,33276,33132,32990,32854,32740,32666,32649,32691,32784,32902,33021,33116,33177,33199,33189,33152,33098,33030,32955,1299,2022-03-06-23-49-10.531941,A1
66,53,32874,32791,32703,32611,32515,32414,32310,32210,32124,32056,32010,31984,31975,31980,31995,32018,32049,32084,32118,32150,32177,32194,32199,32189,32164,1300,2022-03-06-23-49-10.847057,A1
67,53,32134,32119,32153,32279,32527,32902,33377,33900,34401,34818,35104,35241,35235,35112,34907,34665,34421,34198,34006,33839,33689,33547,33412,33293,33203,1301,2022-03-06-23-49-11.206507,A1
68,53,33154,33156,33208,33297,33403,33504,33581,33623,33626,33593,33530,33447,33350,33247,33143,33044,32951,32869,32795,32733,32680,32637,32604,32579,32561,1302,2022-03-06-23-49-11.521929,A1
69,53,32549,32546,32553,32570,32597,32627,32655,32676,32684,32681,32667,32639,32597,32542,32482,32427,32408,32458,32612,32882,33253,33683,34112,34477,34727,1303,2022-03-06-23-49-11.882898,A1
70,53,34841,34822,34692,34482,34229,33966,33718,33494,33296,33119,32956,32809,32689,32606,32571,32587,32646,32729,32813,32882,32923,32930,32898,32832,32737,1304,2022-03-06-23-49-12.196842,A1
71,53,32620,32490,32355,32223,32095,31972,31853,31738,31627,31524,31434,31362,31312,31284,31275,31277,31285,31293,31300,31306,31312,31313,31306,31287,31264,1305,2022-03-06-23-49-12.602150,A1
72,53,31247,31261,31344,31527,31819,32203,32637,33060,33411,33645,33745,33718,33584,33377,33132,32880,32641,32424,32228,32049,31886,31747,31643,31587,31588,1306,2022-03-06-23-49-12.872031,A1
73,53,31642,31735,31846,31951,32032,32080,32093,32075,32038,31988,31933,31876,31820,31767,31719,31675,31634,31592,31549,31508,31473,31453,31451,31470,31510,1307,2022-03-06-23-49-13.276986,A1
74,53,31569,31640,31718,31798,31870,31930,31976,32007,32025,32030,32029,32030,32045,32101,32235,32480,32850,33329,33870,34410,34877,35216,35402,35436,35338,1308,2022-03-06-23-49-13.502044,A1
75,53,35148,34907,34656,34424,34224,34055,33912,33781,33656,33536,33429,33347,33302,33300,33339,33404,33475,33533,33562,33555,33517,33453,33376,33292,33204,1309,2022-03-06-23-49-13.863368,A1
76,53,33113,33017,32916,32813,32713,32618,32533,32461,32402,32361,32342,32349,32380,32432,32495,32559,32610,32644,32659,32661,32651,32633,32608,32579,32553,1310,2022-03-06-23-49-14.177665,A1
77,53,32544,32583,32709,32955,33327,33805,34338,34858,35296,35603,35763,35786,35696,35532,35329,35119,34921,34740,34576,34418,34259,34093,33929,33777,33658,1311,2022-03-06-23-49-14.582355,A1
78,53,33583,33560,33580,33627,33680,33719,33727,33699,33635,33540,33421,33286,33145,33006,32877,32762,32660,32567,32479,32394,32312,32236,32174,32127,32098,1312,2022-03-06-23-49-14.852822,A1
79,53,32087,32093,32108,32127,32146,32159,32159,32146,32122,32096,32087,32128,32250,32475,32798,33187,33587,33934,34175,34281,34249,34099,33863,33577,33278,1313,2022-03-06-23-49-15.168172,A1
80,53,32992,32732,32498,32288,32099,31933,31802,31716,31684,31703,31762,31838,31908,31953,31960,31929,31862,31771,31666,31557,31449,31346,31249,31158,31068,1314,2022-03-06-23-49-15.572389,A1
81,53,30977,30885,30796,30716,30656,30622,30617,30637,30675,30723,30771,30816,30858,30894,30920,30938,30949,30963,31002,31106,31312,31645,32097,32633,33194,1315,2022-03-06-23-49-15.849593,A1
82,53,33707,34107,34359,34456,34415,34270,34064,33839,33626,33439,33280,33142,33015,32890,32770,32665,32591,32563,32589,32660,32761,32868,32959,33019,33040,1316,2022-03-06-23-49-16.247729,A1
83,53,33024,32978,32914,32838,32760,32683,32609,32535,32460,32386,32313,32245,32187,32145,32121,32116,32127,32153,32189,32232,32273,32311,32337,32346,32338,1317,2022-03-06-23-49-16.517529,A1
84,53,32312,32280,32255,32260,32324,32485,32768,33176,33684,34243,34780,35229,35538,35684,35672,35527,35293,35014,34733,34475,34252,34058,33881,33709,33539,1318,2022-03-06-23-49-16.833215,A1
85,53,33378,33243,33155,33131,33173,33268,33391,33512,33602,33646,33638,33584,33496,33389,33276,33163,33055,32952,32853,32757,32663,32568,32477,32397,32336,1319,2022-03-06-23-49-17.192658,A1
86,53,32302,32301,32329,32380,32441,32498,32543,32570,32580,32579,32571,32558,32540,32522,32503,32498,32537,32660,32905,33287,33788,34354,34910,35379,35704,1320,2022-03-06-23-49-17.511624,A1
87,53,35859,35850,35702,35452,35143,34814,34491,34190,33913,33654,33410,33185,32989,32835,32740,32708,32735,32805,32897,32983,33042,33060,33033,32962,32858,1321,2022-03-06-23-49-17.867834,A1
88,53,32734,32600,32461,32322,32180,32032,31878,31720,31562,31411,31276,31159,31064,30989,30934,30902,30893,30908,30942,30986,31029,31065,31088,31107,31148,1322,2022-03-06-23-49-18.227738,A1
89,53,31248,31442,31749,32156,32621,33078,33456,33700,33788,33726,33543,33279,32974,32665,32378,32121,31895,31699,31533,31399,31308,31270,31289,31363,31475,1323,2022-03-06-23-49-18.498002,A1
90,53,31603,31721,31810,31855,31851,31805,31730,31640,31546,31457,31376,31305,31245,31192,31145,31105,31071,31046,31034,31041,31067,31111,31170,31240,31312,1324,2022-03-06-23-49-18.903419,A1
91,53,31381,31444,31500,31547,31583,31608,31624,31640,31680,31788,32014,32388,32913,33553,34237,34879,35399,35747,35903,35879,35707,35436,35115,34789,34485,1325,2022-03-06-23-49-19.174386,A1
92,53,34216,33984,33781,33603,33448,33320,33225,33172,33165,33195,33252,33318,33374,33406,33406,33371,33306,33217,33112,33000,32888,32774,32660,32543,32420,1326,2022-03-06-23-49-19.533761,A1
93,53,32290,32159,32036,31930,31850,31804,31791,31805,31841,31890,31943,31994,32039,32073,32090,32088,32067,32029,31989,31974,32027,32193,32503,32956,33519,1327,2022-03-06-23-49-19.848607,A1
94,53,34128,34701,35167,35480,35624,35609,35464,35233,34958,34678,34423,34203,34019,33862,33722,33593,33478,33387,33333,33329,33375,33462,33573,33682,33771,1328,2022-03-06-23-49-20.252975,A1
95,53,33822,33833,33806,33748,33665,33568,33462,33349,33234,33121,33007,32897,32794,32702,32623,32560,32513,32482,32464,32453,32447,32439,32427,32408,32386,1329,2022-03-06-23-49-20.523081,A1
96,53,32359,32328,32297,32269,32250,32263,32341,32515,32806,33208,33684,34172,34597,34895,35028,34990,34805,34511,34155,33779,33420,33093,32802,32543,32312,1330,2022-03-06-23-49-20.838682,A1
97,53,32111,31946,31830,31774,31784,31848,31943,32041,32113,32134,32089,31974,31795,31565,31303,31029,30761,30517,30308,30142,30024,29954,29926,29931,29961,1331,2022-03-06-23-49-21.198484,A1
98,53,30010,30073,30150,30242,30345,30456,30570,30683,30787,30881,30965,31043,31126,31238,31414,31688,32080,32581,33153,33732,34243,34624,34840,34888,34789,1332,2022-03-06-23-49-21.513032,A1
99,53,34582,34310,34018,33737,33486,33272,33091,32937,32805,32695,32616,32580,32595,32664,32775,32909,33040,33146,33210,33227,33202,33144,33066,32978,32890,1333,2022-03-06-23-49-21.872991,A1
100,53,32803,32720,32639,32556,32472,32386,32304,32231,32175,32138,32123,32131,32156,32197,32244,32290,32326,32346,32351,32341,32323,32301,32277,32252,32223,1334,2022-03-06-23-49-22.188178,A1
101,53,32193,32178,32211,32341,32606,33022,33563,34171,34762,35251,35576,35717,35681,35512,35264,34990,34730,34505,34314,34146,33990,33838,33691,33560,33458,1335,2022-03-06-23-49-22.593093,A1
102,53,33399,33392,33433,33511,33607,33699,33766,33795,33781,33725,33632,33514,33381,33246,33116,32998,32893,32797,32707,32620,32536,32460,32399,32357,32339,1336,2022-03-06-23-49-22.863641,A1
103,53,32342,32363,32393,32428,32461,32488,32510,32527,32538,32545,32543,32531,32510,32487,32476,32505,32613,32839,33203,33690,34255,34825,35317,35668,35841,1337,2022-03-06-23-49-23.177948,A1
104,53,35834,35672,35399,35063,34713,34381,34086,33833,33610,33408,33225,33066,32942,32867,32850,32887,32959,33042,33111,33148,33142,33094,33010,32899,32775,1338,2022-03-06-23-49-23.537918,A1
105,53,32643,32504,32359,32207,32046,31882,31721,31571,31442,31336,31255,31197,31159,31135,31120,31111,31104,31094,31076,31048,31008,30959,30907,30872,30883,1339,2022-03-06-23-49-23.853579,A1
106,53,30982,31199,31544,31998,32514,33020,33445,33736,33867,33840,33678,33423,33119,32808,32516,32253,32017,31801,31603,31432,31302,31228,31226,31297,31422,1340,2022-03-06-23-49-24.212955,A1
107,53,31576,31730,31859,31948,31992,32000,31981,31944,31896,31839,31776,31709,31640,31572,31507,31444,31386,31338,31303,31290,31301,31338,31397,31473,31557,1341,2022-03-06-23-49-24.528456,A1
108,53,31645,31729,31807,31878,31948,32024,32104,32170,32198,32194,32202,32292,32521,32921,33480,34133,34790,35365,35805,36079,36174,36098,35896,35625,35333,1342,2022-03-06-23-49-24.843464,A1
109,53,35047,34787,34563,34369,34187,34007,33831,33668,33529,33433,33391,33402,33445,33496,33532,33542,33520,33465,33381,33278,33161,33036,32909,32783,32659,1343,2022-03-06-23-49-25.202883,A1
110,53,32539,32425,32317,32219,32131,32058,32001,31961,31940,31936,31947,31969,31997,32026,32052,32074,32086,32089,32078,32052,32013,31966,31928,31931,32018,1344,2022-03-06-23-49-25.518098,A1
111,53,32238,32621,33162,33819,34514,35156,35665,35986,36106,36041,35831,35527,35185,34848,34539,34268,34031,33819,33625,33450,33305,33205,33162,33179,33249,1345,2022-03-06-23-49-25.833372,A1
112,53,33352,33462,33551,33602,33603,33556,33470,33356,33223,33083,32938,32792,32644,32498,32355,32218,32094,31985,31895,31828,31785,31763,31761,31770,31783,1346,2022-03-06-23-49-26.327826,A1
113,53,31793,31795,31787,31774,31754,31727,31692,31643,31581,31509,31441,31405,31443,31595,31890,32322,32857,33430,33959,34373,34623,34695,34597,34362,34034,1347,2022-03-06-23-49-26.507933,A1
114,53,33666,33296,32952,32643,32368,32120,31897,31703,31549,31450,31421,31463,31570,31723,31893,32053,32175,32247,32266,32241,32183,32110,32033,31959,31891,1348,2022-03-06-23-49-26.867824,A1
115,53,31827,31764,31696,31625,31554,31493,31450,31434,31451,31498,31569,31654,31745,31834,31915,31986,32042,32082,32103,32104,32083,32042,31990,31938,31914,1349,2022-03-06-23-49-27.183077,A1
116,53,31959,32117,32424,32885,33467,34106,34719,35220,35552,35693,35652,35461,35171,34834,34493,34174,33889,33638,33412,33212,33039,32903,32816,32790,32828,1350,2022-03-06-23-49-27.542890,A1
117,53,32925,33063,33218,33364,33477,33542,33554,33521,33451,33358,33251,33139,33025,32913,32807,32710,32623,32549,32489,32444,32414,32402,32407,32433,32474,1351,2022-03-06-23-49-27.858454,A1
118,53,32527,32586,32641,32684,32712,32725,32721,32702,32672,32634,32594,32558,32546,32588,32727,32991,33388,33893,34448,34971,35384,35634,35698,35588,35340,1352,2022-03-06-23-49-28.263495,A1
119,53,35004,34631,34262,33922,33618,33345,33098,32877,32689,32548,32468,32454,32500,32585,32684,32770,32821,32827,32789,32713,32610,32487,32350,32203,32051,1353,2022-03-06-23-49-28.532684,A1
120,53,31897,31743,31593,31449,31313,31191,31089,31008,30951,30915,30899,30899,30914,30936,30963,30985,30999,31001,30996,30996,31024,31119,31320,31645,32088,1354,2022-03-06-23-49-28.848881,A1
121,53,32611,33145,33616,33958,34137,34144,34000,33746,33427,33088,32762,32466,32201,31966,31759,31583,31451,31373,31360,31412,31521,31665,31817,31946,32032,1355,2022-03-06-23-49-29.207755,A1
122,53,32062,32037,31970,31878,31777,31679,31593,31520,31459,31405,31353,31299,31247,31201,31170,31159,31172,31211,31275,31359,31455,31555,31650,31731,31793,1356,2022-03-06-23-49-29.522643,A1
123,53,31832,31850,31850,31845,31858,31925,32093,32397,32844,33409,34033,34636,35142,35491,35658,35651,35501,35255,34964,34674,34415,34196,34014,33859,33714,1357,2022-03-06-23-49-30.197550,A1
124,53,33579,33453,33351,33289,33279,33320,33400,33499,33589,33653,33680,33670,33626,33557,33470,33373,33271,33171,33079,32993,32913,32837,32760,32685,32616,1358,2022-03-06-23-49-30.197810,A1
125,53,32560,32522,32507,32512,32532,32561,32589,32613,32626,32629,32618,32596,32565,32534,32519,32547,32657,32884,33235,33692,34203,34696,35098,35357,35454,1359,2022-03-06-23-49-30.512995,A1
126,53,35400,35226,34975,34692,34412,34155,33926,33717,33520,33331,33153,33002,32893,32836,32832,32868,32924,32982,33017,33016,32973,32889,32771,32634,32490,1360,2022-03-06-23-49-30.917573,A1
127,53,32348,32213,32088,31973,31864,31759,31657,31554,31447,31339,31236,31141,31063,31006,30974,30962,30961,30964,30970,30979,31003,31057,31169,31365,31659,1361,2022-03-06-23-49-31.187425,A1
128,53,32040,32475,32912,33292,33568,33715,33735,33646,33476,33258,33026,32805,32608,32436,32284,32141,32005,31881,31782,31723,31715,31756,31833,31924,32005,1362,2022-03-06-23-49-31.503004,A1
129,53,32056,32069,32045,31991,31921,31841,31756,31670,31586,31508,31436,31369,31302,31238,31178,31129,31099,31096,31121,31170,31232,31299,31366,31425,31476,1363,2022-03-06-23-49-31.862365,A1
130,53,31519,31551,31570,31577,31580,31588,31617,31693,31850,32112,32486,32948,33449,33928,34323,34592,34723,34726,34628,34464,34273,34088,33932,33810,33713,1364,2022-03-06-23-49-32.177317,A1
131,53,33630,33548,33460,33373,33296,33247,33239,33273,33342,33429,33515,33584,33627,33644,33642,33626,33601,33570,33533,33488,33436,33379,33320,33263,33210,1365,2022-03-06-23-49-32.537646,A1
132,53,33166,33129,33102,33083,33074,33070,33073,33082,33093,33106,33121,33135,33146,33152,33151,33141,33124,33106,33094,33104,33165,33305,33540,33857,34221,1366,2022-03-06-23-49-32.852791,A1
133,53,34578,34867,35045,35093,35018,34845,34606,34337,34073,33835,33634,33465,33318,33182,33054,32937,32843,32784,32767,32787,32830,32878,32909,32908,32869,1367,2022-03-06-23-49-33.212188,A1
134,53,32793,32686,32561,32425,32289,32157,32029,31905,31787,31675,31573,31484,31414,31365,31338,31328,31327,31326,31317,31294,31257,31208,31151,31087,31018,1368,2022-03-06-23-49-33.527316,A1
135,53,30949,30885,30838,30831,30896,31061,31328,31675,32058,32418,32702,32876,32936,32893,32773,32604,32418,32239,32079,31941,31820,31707,31601,31510,31446,1369,2022-03-06-23-49-33.842587,A1
136,53,31427,31465,31560,31700,31864,32027,32169,32278,32349,32388,32403,32403,32395,32386,32376,32367,32356,32341,32321,32296,32268,32246,32233,32233,32245,1370,2022-03-06-23-49-34.202588,A1
137,53,32267,32298,32336,32382,32433,32485,32535,32575,32603,32616,32616,32605,32587,32569,32561,32584,32672,32857,33151,33539,33977,34402,34749,34975,35064,1371,2022-03-06-23-49-34.517117,A1
138,53,35027,34891,34691,34464,34242,34047,33888,33762,33660,33570,33486,33408,33345,33308,33309,33352,33432,33531,33631,33713,33763,33777,33758,33712,33649,1372,2022-03-06-23-49-34.876966,A1
139,53,33578,33502,33428,33357,33287,33222,33162,33107,33059,33021,32992,32973,32963,32960,32966,32981,33003,33031,33061,33089,33109,33118,33118,33110,33095,1373,2022-03-06-23-49-35.192538,A1
140,53,33076,33053,33030,33008,33002,33034,33138,33342,33649,34033,34448,34827,35114,35273,35302,35215,35041,34813,34562,34315,34088,33886,33710,33555,33419,1374,2022-03-06-23-49-35.507529,A1
141,53,33300,33205,33138,33107,33115,33156,33219,33288,33345,33379,33383,33357,33303,33226,33134,33031,32924,32816,32710,32606,32501,32395,32287,32181,32084,1375,2022-03-06-23-49-35.866784,A1
142,53,31998,31928,31875,31841,31820,31810,31804,31799,31787,31766,31731,31683,31623,31559,31499,31457,31455,31521,31678,31936,32279,32669,33048,33360,33562,1376,2022-03-06-23-49-36.182031,A1
143,53,33637,33591,33447,33235,32992,32746,32516,32315,32142,31994,31865,31759,31681,31640,31643,31695,31790,31912,32041,32154,32232,32266,32255,32210,32145,1377,2022-03-06-23-49-36.497020,A1
144,53,32072,32002,31939,31882,31825,31765,31695,31617,31532,31450,31382,31341,31328,31347,31395,31466,31551,31645,31742,31836,31920,31992,32047,32083,32098,1378,2022-03-06-23-49-36.857501,A1
145,53,32098,32088,32079,32098,32179,32359,32656,33060,33536,34025,34460,34787,34981,35037,34971,34812,34598,34366,34143,33946,33781,33644,33525,33416,33319,1379,2022-03-06-23-49-37.171543,A1
146,53,33239,33189,33182,33222,33303,33406,33509,33592,33640,33648,33619,33560,33478,33383,33279,33173,33069,32965,32863,32761,32658,32557,32461,32378,32311,1380,2022-03-06-23-49-37.531473,A1
147,53,32265,32242,32240,32255,32280,32308,32332,32346,32349,32341,32325,32302,32269,32231,32188,32150,32127,32151,32261,32495,32860,33341,33886,34427,34890,1381,2022-03-06-23-49-37.847219,A1
148,53,35226,35409,35443,35351,35166,34929,34679,34447,34244,34078,33943,33831,33739,33678,33662,33706,33811,33959,34114,34219,34219,34090,33858,33580,33324,1382,2022-03-06-23-49-38.206442,A1
149,53,33151,33080,33085,33111,33112,33062,32959,32817,32657,32502,32368,32267,32203,32172,32167,32179,32201,32228,32258,32287,32312,32327,32330,32313,32272,1383,2022-03-06-23-49-38.521835,A1
150,53,32205,32118,32018,31927,31874,31899,32030,32276,32616,33006,33384,33689,33882,33945,33886,33728,33506,33259,33023,32823,32671,32561,32480,32413,32349,1384,2022-03-06-23-49-38.837268,A1
151,53,32286,32233,32200,32195,32218,32261,32310,32352,32376,32373,32339,32273,32182,32074,31958,31848,31750,31670,31609,31568,31541,31525,31519,31521,31533,1385,2022-03-06-23-49-39.196393,A1
152,53,31557,31592,31633,31677,31716,31749,31776,31799,31821,31845,31872,31900,31925,31950,31975,32011,32081,32222,32467,32827,33288,33804,34314,34752,35073,1386,2022-03-06-23-49-39.646324,A1
153,53,35259,35313,35256,35117,34929,34723,34523,34342,34187,34055,33940,33839,33753,33684,33640,33629,33651,33699,33759,33813,33846,33846,33810,33742,33649,1387,2022-03-06-23-49-39.871672,A1
154,53,33541,33425,33312,33205,33105,33013,32923,32832,32743,32658,32579,32513,32464,32430,32407,32393,32386,32381,32375,32365,32349,32321,32282,32237,32194,1388,2022-03-06-23-49-40.186809,A1
155,53,32169,32188,32285,32479,32768,33125,33502,33839,34085,34210,34208,34092,33886,33624,33339,33058,32795,32559,32345,32154,31990,31859,31774,31742,31761,1389,2022-03-06-23-49-40.546191,A1
156,53,31820,31895,31965,32009,32017,31986,31919,31826,31715,31596,31479,31367,31266,31177,31097,31025,30961,30906,30861,30823,30793,30770,30753,30745,30745,1390,2022-03-06-23-49-40.951033,A1
157,53,30756,30774,30796,30818,30844,30883,30959,31102,31333,31655,32042,32452,32830,33127,33314,33383,33343,33215,33026,32809,32591,32390,32217,32071,31950,1391,2022-03-06-23-49-41.176179,A1
158,53,31853,31781,31742,31744,31792,31887,32018,32172,32327,32465,32569,32632,32651,32634,32595,32543,32490,32443,32402,32365,32329,32293,32256,32225,32203,1392,2022-03-06-23-49-41.535870,A1
159,53,32196,32204,32224,32253,32287,32322,32356,32387,32410,32422,32424,32418,32414,32436,32518,32693,32978,33366,33817,34272,34667,34950,35094,35101,34994,1393,2022-03-06-23-49-41.895727,A1
160,53,34806,34577,34342,34127,33942,33789,33659,33543,33437,33343,33268,33222,33214,33245,33310,33396,33486,33563,33613,33628,33607,33556,33482,33395,33303,1394,2022-03-06-23-49-42.165837,A1
161,53,33213,33127,33047,32974,32908,32848,32797,32760,32739,32736,32750,32779,32815,32854,32890,32922,32946,32964,32973,32972,32963,32951,32944,32963,33036,1395,2022-03-06-23-49-42.525667,A1
162,53,33196,33455,33803,34208,34614,34960,35201,35313,35298,35175,34976,34736,34488,34256,34053,33879,33725,33583,33448,33323,33219,33148,33117,33126,33164,1396,2022-03-06-23-49-42.841210,A1
163,53,33216,33266,33299,33304,33279,33224,33144,33046,32940,32830,32720,32611,32501,32388,32272,32156,32045,31942,31849,31769,31700,31641,31592,31551,31516,1397,2022-03-06-23-49-43.245607,A1
164,53,31484,31450,31412,31371,31328,31300,31312,31393,31563,31820,32138,32468,32754,32947,33022,32978,32838,32638,32416,32207,32032,31891,31766,31636,31484,1398,2022-03-06-23-49-43.515446,A1
165,53,31305,31114,30942,30818,30763,30780,30854,30964,31085,31201,31304,31396,31487,31585,31697,31823,31956,32086,32202,32289,32340,32352,32327,32273,32204,1399,2022-03-06-23-49-43.830984,A1
166,53,32132,32068,32018,31984,31967,31971,31997,32041,32102,32177,32260,32348,32439,32534,32635,32747,32891,33100,33404,33812,34305,34830,35319,35700,35929,1400,2022-03-06-23-49-44.190307,A1
167,53,35997,35929,35767,35558,35341,35143,34974,34833,34706,34579,34441,34285,34110,33930,33767,33638,33554,33516,33505,33495,33455,33359,33199,32977,32705,1401,2022-03-06-23-49-44.505637,A1
168,53,32398,32072,31749,31450,31198,31017,30923,30915,30978,31084,31200,31298,31361,31388,31389,31380,31372,31370,31372,31379,31389,31409,31448,31506,31577,1402,2022-03-06-23-49-44.865258,A1
169,53,31646,31698,31721,31713,31687,31670,31701,31823,32075,32468,32986,33576,34171,34701,35117,35398,35546,35582,35534,35429,35289,35135,34977,34821,34664,1403,2022-03-06-23-49-45.180226,A1
170,53,34504,34337,34164,33990,33823,33672,33546,33453,33401,33389,33405,33430,33444,33436,33403,33355,33303,33252,33200,33141,33073,32994,32909,32821,32731,1404,2022-03-06-23-49-45.495831,A1
171,53,32642,32561,32498,32467,32482,32548,32658,32798,32947,33087,33203,33283,33320,33313,33265,33185,33087,32994,32935,32938,33016,33169,33379,33617,33845,1405,2022-03-06-23-49-45.855607,A1
172,53,34030,34150,34192,34157,34050,33887,33684,33459,33219,32973,32729,32494,32274,32081,31923,31811,31748,31735,31758,31799,31842,31874,31888,31885,31865,1406,2022-03-06-23-49-46.169928,A1
173,53,31830,31784,31728,31670,31613,31560,31508,31453,31393,31328,31261,31197,31140,31094,31058,31032,31017,31012,31011,31012,31013,31016,31028,31063,31142,1407,2022-03-06-23-49-46.530308,A1
174,53,31298,31547,31888,32294,32719,33100,33390,33560,33608,33552,33419,33240,33042,32851,32684,32547,32441,32359,32294,32241,32201,32183,32194,32239,32317,1408,2022-03-06-23-49-46.845281,A1
175,53,32417,32523,32615,32677,32700,32684,32638,32573,32503,32437,32378,32327,32281,32239,32196,32152,32106,32064,32033,32021,32032,32068,32123,32190,32261,1409,2022-03-06-23-49-47.204657,A1
176,53,32330,32391,32438,32469,32473,32447,32392,32315,32225,32140,32084,32084,32172,32372,32680,33068,33487,33876,34182,34372,34440,34396,34262,34068,33850,1410,2022-03-06-23-49-47.520084,A1
177,53,33640,33466,33340,33262,33217,33185,33146,33093,33033,32982,32958,32973,33026,33101,33178,33238,33266,33261,33232,33186,33132,33076,33019,32962,32904,1411,2022-03-06-23-49-47.835155,A1
178,53,32846,32790,32737,32690,32651,32625,32610,32607,32613,32627,32647,32672,32699,32727,32756,32782,32808,32833,32853,32866,32873,32871,32862,32848,32832,1412,2022-03-06-23-49-48.195310,A1
179,53,32823,32843,32923,33099,33381,33748,34151,34525,34804,34951,34962,34857,34666,34428,34172,33925,33702,33508,33339,33189,33050,32918,32798,32701,32642,1413,2022-03-06-23-49-48.554603,A1
180,53,32632,32671,32747,32841,32927,32986,33006,32983,32923,32834,32727,32612,32496,32381,32269,32158,32046,31938,31839,31753,31683,31632,31601,31586,31589,1414,2022-03-06-23-49-48.869391,A1
181,53,34497,34607,34588,34452,34238,33992,33761,33576,33452,33394,33396,33448,33527,33611,33666,33672,33625,33539,33436,33336,33253,33190,33146,33114,33090,2527,2022-03-06-23-55-59.761603,A1
182,53,33067,33037,32986,32911,32809,32689,32558,32432,32320,32230,32165,32130,32128,32159,32212,32271,32320,32344,32341,32324,32312,32326,32387,32515,32723,2528,2022-03-06-23-56-00.121612,A1
183,53,33010,33352,33708,34026,34256,34367,34357,34239,34036,33774,33480,33191,32941,32748,32602,32490,32411,32366,32352,32366,32424,32537,32688,32847,32996,2529,2022-03-06-23-56-00.436444,A1
184,53,33117,33181,33178,33134,33084,33042,33007,32968,32911,32827,32720,32594,32462,32342,32243,32171,32130,32117,32122,32133,32136,32122,32092,32054,32017,2530,2022-03-06-23-56-00.751694,A1
185,53,31978,31940,31903,31876,31868,31905,32010,32201,32467,32780,33101,33382,33583,33683,33682,33599,33455,33277,33088,32905,32738,32590,32461,32355,32273,2531,2022-03-06-23-56-01.110739,A1
186,53,32218,32190,32189,32215,32274,32360,32465,32574,32672,32741,32769,32760,32727,32688,32648,32609,32570,32531,32489,32442,32392,32344,32301,32266,32244,2532,2022-03-06-23-56-01.426039,A1
187,53,32245,32268,32306,32348,32385,32414,32434,32452,32470,32492,32510,32519,32514,32497,32478,32463,32458,32468,32505,32597,32777,33060,33439,33876,34311,2533,2022-03-06-23-56-01.787186,A1
188,53,34677,34923,35023,34983,34823,34576,34287,33999,33748,33549,33402,33297,33219,33158,33112,33091,33116,33202,33353,33554,33779,33987,34143,34221,34215,2534,2022-03-06-23-56-02.100636,A1
189,53,34131,33986,33797,33585,33364,33147,32944,32758,32591,32448,32330,32237,32164,32112,32076,32053,32039,32037,32050,32080,32133,32209,32306,32420,32543,2535,2022-03-06-23-56-02.416302,A1
190,53,32669,32788,32886,32947,32961,32928,32862,32801,32792,32875,33062,33339,33662,33973,34217,34357,34384,34300,34127,33893,33629,33364,33120,32909,32735,2536,2022-03-06-23-56-02.778823,A1
191,53,32591,32473,32385,32332,32320,32355,32433,32537,32645,32734,32782,32781,32730,32645,32541,32438,32347,32271,32208,32155,32107,32067,32036,32015,32010,2537,2022-03-06-23-56-03.140656,A1
192,53,32022,32049,32091,32149,32223,32309,32407,32517,32636,32754,32863,32952,33014,33043,33042,33014,32965,32901,32830,32759,32703,32691,32758,32926,33195,2538,2022-03-06-23-56-03.495726,A1
193,53,33542,33918,34265,34525,34670,34690,34595,34410,34174,33924,33690,33489,33321,33175,33038,32907,32787,32693,32641,32639,32684,32763,32856,32945,33018,2539,2022-03-06-23-56-03.768257,A1
194,53,33067,33089,33084,33048,32982,32885,32765,32634,32504,32377,32255,32135,32012,31888,31771,31668,31586,31527,31486,31464,31466,31503,31587,31721,31898,2540,2022-03-06-23-56-04.081204,A1
195,53,32097,32290,32454,32575,32655,32711,32768,32848,32976,33177,33467,33845,34295,34783,35254,35647,35912,36021,35968,35773,35468,35095,34690,34285,33900,2541,2022-03-06-23-56-04.485202,A1
196,53,33545,33219,32918,32638,32378,32145,31952,31813,31740,31731,31773,31847,31930,31999,32041,32048,32018,31951,31854,31733,31604,31480,31369,31275,31194,2542,2022-03-06-23-56-04.755222,A1
197,53,31125,31063,31009,30967,30943,30938,30952,30982,31025,31075,31128,31175,31209,31233,31248,31260,31282,31327,31421,31595,31873,32257,32728,33242,33741,2543,2022-03-06-23-56-05.069724,A1
198,53,34169,34487,34678,34747,34713,34603,34451,34288,34129,33985,33854,33730,33610,33496,33397,33321,33283,33288,33336,33415,33509,33597,33663,33698,33698,2544,2022-03-06-23-56-05.429529,A1
199,53,33668,33615,33544,33458,33360,33254,33143,33032,32926,32828,32739,32661,32592,32535,32491,32464,32451,32450,32457,32466,32469,32463,32451,32433,32410,2545,2022-03-06-23-56-05.745251,A1
200,53,32382,32350,32315,32285,32273,32312,32438,32678,33031,33475,33961,34428,34818,35092,35232,35238,35127,34927,34678,34417,34173,33962,33787,33639,33509,2546,2022-03-06-23-56-06.105053,A1
201,53,33397,33309,33257,33252,33298,33386,33500,33617,33717,33786,33816,33807,33765,33695,33606,33502,33389,33270,33146,33019,32892,32769,32657,32562,32487,2547,2022-03-06-23-56-06.419312,A1
202,53,32432,32396,32372,32359,32353,32354,32357,32359,32356,32347,32329,32301,32259,32207,32146,32080,32027,32013,32074,32244,32536,32936,33401,33866,34263,2548,2022-03-06-23-56-06.779292,A1
203,53,34540,34674,34665,34533,34311,34038,33750,33474,33222,32994,32785,32595,32430,32299,32216,32186,32207,32269,32355,32447,32525,32571,32572,32525,32438,2549,2022-03-06-23-56-07.094117,A1
204,53,32324,32199,32076,31959,31854,31760,31672,31590,31513,31440,31373,31317,31275,31251,31245,31255,31275,31296,31311,31315,31308,31286,31252,31210,31162,2550,2022-03-06-23-56-07.409001,A1
205,53,31120,31099,31133,31261,31509,31885,32368,32919,33472,33966,34352,34600,34702,34666,34519,34292,34021,33731,33443,33163,32895,32642,32413,32219,32078,2551,2022-03-06-23-56-07.768968,A1
206,53,32003,31998,32055,32158,32281,32402,32501,32570,32605,32613,32603,32580,32547,32500,32433,32343,32230,32104,31977,31864,31771,31700,31646,31603,31569,2552,2022-03-06-23-56-08.083713,A1
207,53,31548,31543,31554,31578,31604,31624,31633,31634,31628,31624,31618,31610,31596,31583,31585,31636,31779,32052,32468,33009,33631,34267,34847,35311,35624,2553,2022-03-06-23-56-08.398931,A1
208,53,35775,35771,35641,35423,35158,34879,34606,34345,34098,33861,33637,33438,33279,33175,33133,33153,33217,33304,33392,33464,33509,33518,33492,33429,33335,2554,2022-03-06-23-56-08.759150,A1
209,53,33215,33079,32934,32787,32638,32488,32337,32189,32047,31921,31819,31742,31692,31668,31666,31684,31717,31760,31809,31853,31884,31902,31906,31901,31889,2555,2022-03-06-23-56-09.163437,A1
210,53,31873,31852,31829,31812,31829,31920,32131,32492,33003,33626,34301,34949,35501,35907,36146,36220,36151,35972,35724,35446,35166,34899,34646,34404,34172,2556,2022-03-06-23-56-09.433555,A1
211,53,33953,33761,33617,33537,33527,33577,33668,33772,33863,33921,33940,33919,33865,33785,33688,33575,33451,33315,33173,33028,32885,32749,32619,32499,32388,2557,2022-03-06-23-56-09.748878,A1
212,53,32292,32215,32163,32136,32131,32139,32149,32155,32153,32144,32131,32111,32085,32044,31986,31911,31831,31767,31760,31853,32081,32448,32932,33478,34014,2558,2022-03-06-23-56-10.108746,A1
213,53,34468,34789,34950,34954,34820,34581,34282,33962,33646,33348,33068,32799,32543,32310,32117,31982,31917,31919,31973,32054,32135,32198,32227,32219,32173,2559,2022-03-06-23-56-10.423308,A1
214,53,32094,31989,31867,31735,31602,31471,31347,31227,31110,30996,30888,30791,30709,30647,30608,30595,30604,30630,30670,30715,30755,30784,30801,30802,30789,2560,2022-03-06-23-56-10.783628,A1
215,53,30760,30723,30685,30662,30681,30780,30997,31354,31850,32459,33129,33791,34376,34831,35122,35244,35215,35069,34851,34604,34358,34127,33913,33710,33516,2561,2022-03-06-23-56-11.098512,A1
216,53,33333,33179,33070,33020,33036,33110,33220,33345,33461,33548,33593,33590,33542,33451,33326,33172,32997,32805,32603,32397,32192,31995,31810,31643,31499,2562,2022-03-06-23-56-11.412944,A1
217,53,31384,31299,31244,31215,31206,31216,31241,31274,31311,31343,31363,31364,31345,31307,31252,31182,31105,31035,30995,31025,31176,31485,31966,32598,33328,2563,2022-03-06-23-56-11.772858,A1
218,53,34075,34758,35308,35683,35868,35876,35741,35511,35234,34950,34679,34425,34182,33944,33709,33490,33306,33176,33112,33114,33172,33263,33365,33455,33516,2564,2022-03-06-23-56-12.088147,A1
219,53,33534,33511,33452,33363,33253,33129,32996,32857,32713,32563,32415,32272,32142,32034,31954,31903,31879,31874,31879,31885,31883,31870,31843,31802,31748,2565,2022-03-06-23-56-12.402594,A1
220,53,31685,31619,31557,31508,31480,31470,31474,31484,31498,31523,31587,31738,32025,32480,33100,33843,34632,35376,35992,36429,36665,36707,36588,36355,36055,2566,2022-03-06-23-56-12.807500,A1
221,53,35731,35407,35100,34808,34530,34267,34031,33838,33701,33627,33615,33653,33721,33798,33865,33902,33895,33837,33731,33585,33414,33226,33027,32820,32608,2567,2022-03-06-23-56-13.077570,A1
222,53,32394,32181,31977,31784,31607,31446,31306,31186,31090,31016,30963,30926,30902,30885,30872,30858,30837,30801,30749,30677,30591,30503,30435,30421,30509,2568,2022-03-06-23-56-13.437326,A1
223,53,30743,31144,31703,32372,33071,33706,34197,34497,34589,34490,34244,33905,33525,33146,32788,32457,32150,31864,31606,31394,31247,31180,31197,31284,31418,2569,2022-03-06-23-56-13.752871,A1
224,53,31570,31712,31821,31885,31903,31881,31831,31761,31678,31586,31484,31371,31250,31127,31011,30907,30822,30760,30718,30695,30690,30703,30736,30790,30860,2570,2022-03-06-23-56-14.067217,A1
225,53,30939,31022,31099,31170,31236,31297,31351,31393,31418,31425,31421,31424,31470,31611,31900,32373,33030,33833,34707,35552,36273,36801,37099,37169,37048,2571,2022-03-06-23-56-14.427126,A1
226,53,36792,36462,36112,35770,35448,35142,34843,34552,34277,34037,33851,33735,33695,33720,33790,33880,33965,34021,34032,33991,33902,33771,33610,33433,33251,2572,2022-03-06-23-56-14.742695,A1
227,53,33068,32886,32704,32523,32345,32175,32023,31894,31787,31702,31642,31604,31588,31595,31620,31656,31695,31734,31769,31800,31830,31855,31872,31875,31863,2573,2022-03-06-23-56-15.101883,A1
228,53,31839,31812,31809,31877,32070,32434,32992,33730,34588,35467,36259,36872,37249,37377,37284,37025,36668,36271,35874,35499,35154,34834,34536,34264,34027,2574,2022-03-06-23-56-15.417266,A1
229,53,33837,33703,33627,33608,33633,33684,33742,33791,33812,33793,33732,33630,33495,33342,33187,33042,32916,32812,32728,32650,32565,32461,32337,32199,32070,2575,2022-03-06-23-56-15.776666,A1
230,53,31970,31917,31916,31957,32017,32073,32107,32109,32079,32025,31955,31878,31801,31727,31669,31655,31733,31946,32324,32859,33500,34162,34749,35179,35405,2576,2022-03-06-23-56-16.091741,A1
231,53,35418,35238,34912,34496,34043,33593,33164,32755,32352,31947,31550,31187,30893,30701,30622,30645,30737,30854,30957,31017,31016,30957,30851,30713,30561,2577,2022-03-06-23-56-16.406697,A1
232,53,30403,30244,30084,29926,29773,29632,29507,29403,29326,29275,29253,29261,29297,29355,29430,29511,29593,29670,29739,29795,29840,29874,29903,29953,30063,2578,2022-03-06-23-56-16.766477,A1
233,53,30284,30666,31231,31962,32804,33670,34460,35095,35520,35723,35724,35570,35314,35012,34701,34401,34117,33845,33583,33336,33114,32935,32814,32757,32763,2579,2022-03-06-23-56-17.081733,A1
234,53,32821,32912,33016,33110,33175,33199,33173,33102,32993,32858,32712,32568,32429,32298,32169,32042,31917,31801,31705,31636,31595,31583,31592,31616,31653,2580,2022-03-06-23-56-17.396359,A1
235,53,31697,31743,31785,31819,31842,31852,31851,31841,31827,31819,31838,31928,32142,32526,33098,33833,34667,35499,36224,36761,37067,37141,37019,36762,36432,2581,2022-03-06-23-56-17.846719,A1
236,53,36078,35731,35399,35079,34764,34452,34153,33879,33650,33482,33383,33347,33364,33415,33474,33522,33544,33527,33474,33387,33273,33141,32997,32841,32673,2582,2022-03-06-23-56-18.071626,A1
237,53,32496,32309,32118,31931,31759,31605,31476,31374,31298,31248,31222,31216,31223,31236,31246,31247,31240,31225,31207,31184,31159,31131,31108,31113,31184,2583,2022-03-06-23-56-18.431071,A1
238,53,31375,31735,32280,32988,33798,34619,35350,35916,36271,36410,36353,36148,35849,35507,35159,34827,34514,34218,33933,33665,33425,33228,33091,33018,33003,2584,2022-03-06-23-56-18.746663,A1
239,53,33030,33077,33124,33155,33157,33127,33063,32968,32847,32710,32569,32430,32300,32179,32066,31960,31864,31781,31715,31667,31634,31611,31591,31570,31549,2585,2022-03-06-23-56-19.106720,A1
240,53,31524,31498,31469,31435,31389,31323,31232,31119,30992,30869,30773,30741,30810,31013,31360,31833,32384,32939,33420,33763,33938,33943,33803,33558,33253,2586,2022-03-06-23-56-19.420770,A1
241,53,32928,32609,32306,32023,31760,31519,31306,31137,31027,30984,31007,31083,31189,31302,31398,31462,31484,31465,31414,31340,31252,31159,31068,30981,30898,2587,2022-03-06-23-56-19.737810,A1
242,53,30819,30742,30672,30609,30558,30523,30505,30504,30517,30543,30576,30618,30665,30714,30761,30802,30834,30854,30865,30869,30867,30863,30865,30885,30953,2588,2022-03-06-23-56-20.095638,A1
243,53,31108,31391,31821,32390,33057,33753,34397,34919,35276,35455,35470,35355,35160,34932,34705,34498,34314,34143,33974,33804,33641,33499,33397,33347,33352,2589,2022-03-06-23-56-20.410531,A1
244,53,33401,33476,33557,33625,33668,33681,33664,33618,33549,33461,33359,33248,33133,33017,32902,32790,32683,32585,32498,32425,32370,32332,32312,32307,32313,2590,2022-03-06-23-56-20.863076,A1
245,53,32329,32349,32372,32395,32414,32429,32436,32432,32420,32399,32368,32329,32281,32229,32176,32137,32133,32203,32388,32716,33186,33773,34414,35032,35549,2591,2022-03-06-23-56-21.085308,A1
246,53,35914,36101,36112,35979,35746,35464,35175,34905,34663,34446,34245,34057,33885,33737,33628,33569,33564,33607,33687,33784,33880,33959,34008,34017,33986,2592,2022-03-06-23-56-21.400629,A1
247,53,33920,33827,33717,33599,33479,33356,33231,33107,32990,32885,32797,32730,32682,32650,32629,32617,32613,32615,32627,32647,32670,32692,32708,32709,32692,2593,2022-03-06-23-56-21.760791,A1
248,53,32659,32612,32558,32504,32450,32398,32346,32296,32253,32229,32254,32368,32608,32987,33496,34089,34696,35233,35638,35874,35937,35847,35644,35375,35080,2594,2022-03-06-23-56-22.120037,A1
249,53,34787,34511,34255,34016,33792,33585,33406,33269,33186,33160,33183,33235,33294,33342,33364,33349,33294,33198,33063,32895,32705,32506,32310,32123,31949,2595,2022-03-06-23-56-22.435431,A1
250,53,31784,31627,31476,31332,31201,31087,30992,30921,30871,30842,30825,30818,30813,30806,30792,30773,30747,30716,30680,30642,30604,30569,30550,30571,30673,2596,2022-03-06-23-56-22.750380,A1
251,53,30891,31244,31724,32291,32878,33412,33829,34092,34193,34148,33989,33764,33514,33271,33047,32844,32654,32473,32304,32157,32050,31999,32008,32072,32178,2597,2022-03-06-23-56-23.110252,A1
252,53,32302,32422,32519,32580,32598,32580,32528,32452,32363,32268,32169,32069,31970,31874,31787,31712,31654,31614,31590,31578,31577,31588,31610,31645,31691,2598,2022-03-06-23-56-23.424791,A1
253,53,31744,31798,31849,31893,31926,31951,31968,31980,31987,31986,31976,31959,31942,31946,32012,32188,32509,32987,33601,34294,34984,35591,36051,36326,36413,2599,2022-03-06-23-56-23.740147,A1
254,53,36335,36138,35875,35591,35317,35065,34833,34614,34402,34200,34017,33868,33766,33719,33724,33771,33845,33926,33994,34032,34030,33983,33897,33783,33652,2600,2022-03-06-23-56-24.099508,A1
255,53,33517,33379,33243,33108,32977,32850,32734,32631,32546,32480,32433,32404,32394,32399,32418,32447,32481,32513,32536,32548,32550,32545,32533,32514,32488,2601,2022-03-06-23-56-24.459481,A1
256,53,32454,32414,32386,32404,32513,32751,33132,33641,34226,34816,35333,35718,35940,35997,35912,35721,35467,35185,34903,34628,34363,34103,33849,33610,33402,2602,2022-03-06-23-56-24.819262,A1
257,53,33244,33153,33129,33165,33238,33326,33410,33477,33519,33531,33506,33441,33336,33195,33029,32850,32670,32494,32322,32152,31985,31824,31675,31543,31431,2603,2022-03-06-23-56-25.089665,A1
258,53,31338,31261,31196,31140,31093,31054,31019,30979,30928,30860,30774,30686,30622,30621,30723,30955,31319,31788,32310,32815,33239,33533,33676,33670,33535,2604,2022-03-06-23-56-25.404195,A1
259,53,33309,33033,32744,32469,32217,31986,31770,31571,31401,31273,31206,31206,31266,31365,31481,31594,31684,31742,31765,31754,31717,31661,31595,31523,31451,2605,2022-03-06-23-56-25.764169,A1
260,53,31378,31307,31235,31165,31099,31041,30994,30961,30942,30938,30949,30972,31004,31042,31081,31116,31144,31161,31169,31165,31158,31152,31167,31233,31391,2606,2022-03-06-23-56-26.078958,A1
261,53,31671,32087,32622,33234,33856,34416,34855,35140,35262,35239,35106,34908,34685,34466,34263,34076,33900,33728,33558,33400,33269,33179,33137,33146,33196,2607,2022-03-06-23-56-26.438864,A1
262,53,33272,33352,33420,33460,33465,33434,33372,33288,33192,33091,32989,32888,32788,32687,32584,32478,32375,32281,32204,32149,32117,32104,32105,32114,32125,2608,2022-03-06-23-56-26.755571,A1
263,53,32133,32136,32132,32118,32096,32069,32039,32010,31992,32000,32060,32210,32482,32886,33406,33998,34596,35129,35543,35808,35919,35894,35764,35567,35341,2609,2022-03-06-23-56-27.068738,A1
264,53,35112,34895,34692,34501,34317,34143,33987,33865,33790,33769,33802,33878,33977,34079,34167,34227,34251,34236,34183,34097,33985,33856,33720,33585,33457,2610,2022-03-06-23-56-27.428692,A1
265,53,33334,33215,33099,32987,32883,32793,32720,32669,32639,32623,32613,32601,32580,32549,32509,32461,32407,32346,32275,32197,32121,32058,32034,32082,32234,2611,2022-03-06-23-56-27.744218,A1
266,53,32504,32885,33336,33797,34198,34480,34613,34593,34442,34195,33895,33581,33278,32999,32743,32503,32277,32072,31898,31772,31704,31690,31719,31772,31827,2612,2022-03-06-23-56-28.103434,A1
267,53,31868,31883,31863,31810,31725,31616,31492,31363,31233,31107,30986,30871,30766,30671,30590,30522,30468,30427,30398,30382,30380,30386,30400,30420,30444,2613,2022-03-06-23-56-28.598364,A1
268,53,30470,30491,30503,30499,30484,30467,30469,30529,30683,30955,31346,31830,32360,32870,33301,33610,33778,33811,33729,33570,33374,33173,32987,32823,32678,2614,2022-03-06-23-56-28.778828,A1
269,53,32541,32410,32289,32186,32115,32086,32104,32165,32259,32368,32474,32564,32623,32646,32634,32593,32532,32460,32386,32316,32251,32189,32127,32061,31994,2615,2022-03-06-23-56-29.138707,A1
270,53,31932,31882,31851,31842,31851,31874,31907,31946,31990,32038,32086,32128,32161,32183,32193,32195,32193,32189,32183,32182,32201,32270,32427,32699,33083,2616,2022-03-06-23-56-29.409138,A1
271,53,33552,34048,34503,34854,35066,35133,35073,34921,34720,34507,34310,34147,34018,33915,33828,33746,33664,33587,33527,33497,33509,33563,33649,33750,33843,2617,2022-03-06-23-56-29.769973,A1
272,53,33914,33953,33958,33933,33885,33821,33748,33671,33593,33514,33436,33359,33285,33215,33157,33110,33072,33042,33017,32999,32984,32976,32973,32976,32975,2618,2022-03-06-23-56-30.088812,A1
273,53,32969,32952,32924,32883,32833,32775,32711,32643,32574,32515,32475,32482,32567,32761,33071,33483,33959,34436,34852,35157,35325,35353,35261,35082,34857,2619,2022-03-06-23-56-30.401380,A1
274,53,34621,34398,34197,34012,33834,33659,33489,33337,33219,33147,33125,33150,33206,33275,33336,33375,33381,33350,33284,33189,33071,32932,32774,32599,32412,2620,2022-03-06-23-56-30.853090,A1
275,53,32222,32043,31888,31764,31675,31614,31576,31553,31539,31528,31519,31505,31485,31456,31421,31379,31328,31263,31182,31086,30982,30891,30848,30890,31043,2621,2022-03-06-23-56-31.080110,A1
276,53,31315,31686,32110,32532,32895,33159,33305,33334,33267,33130,32958,32779,32610,32459,32321,32189,32060,31941,31844,31785,31774,31814,31894,31993,32088,2622,2022-03-06-23-56-31.438735,A1
277,53,32161,32203,32213,32196,32161,32117,32070,32023,31974,31922,31865,31805,31740,31676,31619,31574,31541,31522,31514,31517,31533,31561,31603,31655,31712,2623,2022-03-06-23-56-31.755234,A1
278,53,31766,31811,31845,31868,31882,31889,31892,31897,31911,31952,32053,32249,32563,32990,33502,34040,34537,34935,35199,35319,35308,35196,35019,34815,34615,2624,2022-03-06-23-56-32.070124,A1
279,53,34436,34283,34150,34024,33899,33773,33653,33552,33483,33455,33467,33511,33575,33641,33693,33721,33720,33692,33641,33575,33498,33414,33324,33231,33139,2625,2022-03-06-23-56-32.430894,A1
280,53,33047,32957,32872,32790,32718,32657,32612,32582,32569,32567,32573,32581,32588,32593,32599,32601,32596,32583,32562,32538,32522,32545,32643,32851,33180,2626,2022-03-06-23-56-32.747947,A1
281,53,33615,34115,34621,35068,35408,35620,35700,35662,35536,35353,35146,34942,34755,34587,34433,34286,34140,33998,33871,33774,33713,33694,33709,33746,33790,2627,2022-03-06-23-56-33.107354,A1
282,53,33824,33838,33822,33772,33688,33576,33443,33297,33145,32994,32847,32706,32571,32447,32338,32246,32174,32118,32076,32040,32008,31977,31943,31905,31859,2628,2022-03-06-23-56-33.422950,A1
283,53,31806,31746,31683,31626,31599,31630,31750,31973,32289,32660,33029,33338,33543,33626,33593,33467,33278,33056,32826,32603,32395,32197,32010,31838,31689,2629,2022-03-06-23-56-33.784207,A1
284,53,31575,31509,31494,31527,31593,31670,31744,31798,31825,31823,31798,31754,31698,31629,31550,31460,31363,31261,31159,31062,30975,30901,30842,30795,30757,2630,2022-03-06-23-56-34.189788,A1
285,53,30727,30702,30682,30671,30673,30688,30707,30724,30738,30752,30784,30869,31046,31331,31721,32185,32671,33119,33478,33719,33838,33849,33771,33633,33469,2631,2022-03-06-23-56-34.415041,A1
286,53,33309,33165,33037,32923,32814,32703,32593,32499,32436,32414,32432,32483,32554,32630,32695,32738,32751,32734,32690,32627,32554,32477,32404,32337,32271,2632,2022-03-06-23-56-34.775869,A1
287,53,32205,32135,32065,32000,31948,31914,31900,31905,31922,31943,31963,31979,31992,32006,32016,32021,32016,32000,31973,31949,31954,32023,32192,32479,32876,2633,2022-03-06-23-56-35.136618,A1
288,53,33351,33851,34313,34685,34936,35058,35061,34970,34824,34661,34514,34401,34313,34218,34095,33945,33775,33607,33472,33395,33368,33368,33381,33404,33433,2634,2022-03-06-23-56-35.453024,A1
289,53,33460,33475,33469,33436,33374,33293,33207,33127,33047,32963,32871,32778,32691,32614,32548,32491,32442,32409,32398,32411,32443,32488,32536,32579,32615,2635,2022-03-06-23-56-35.768456,A1
290,53,32641,32657,32663,32658,32644,32626,32611,32608,32633,32711,32872,33132,33492,33929,34389,34806,35125,35316,35379,35336,35228,35085,34926,34763,34603,2636,2022-03-06-23-56-36.083963,A1
291,53,34448,34303,34163,34022,33878,33738,33619,33540,33511,33525,33559,33590,33602,33590,33559,33516,33463,33397,33316,33222,33120,33017,32918,32826,32736,2637,2022-03-06-23-56-36.444944,A1
292,53,32646,32555,32466,32387,32319,32265,32222,32185,32151,32119,32084,32046,32004,31956,31900,31836,31764,31687,31605,31529,31472,31461,31524,31684,31941,2638,2022-03-06-23-56-36.805647,A1
293,53,32273,32633,32963,33213,33354,33381,33308,33159,32963,32747,32536,32343,32171,32015,31866,31723,31589,31484,31422,31411,31449,31517,31593,31656,31691,2639,2022-03-06-23-56-37.166247,A1
294,53,31696,31673,31630,31570,31503,31428,31349,31269,31193,31121,31056,30997,30945,30899,30861,30836,30826,30833,30855,30890,30934,30984,31034,31085,31134,2640,2022-03-06-23-56-37.436234,A1
295,53,31180,31221,31252,31272,31280,31283,31291,31332,31440,31642,31947,32340,32781,33210,33575,33835,33977,34007,33948,33828,33679,33527,33389,33271,33170,2641,2022-03-06-23-56-37.752565,A1
296,53,33079,32994,32912,32840,32789,32766,32778,32825,32900,32993,33089,33176,33241,33276,33277,33247,33194,33129,33063,33002,32945,32888,32822,32743,32651,2642,2022-03-06-23-56-38.114786,A1
297,53,32553,32456,32370,32298,32245,32211,32197,32200,32214,32237,32258,32271,32273,32264,32249,32236,32234,32245,32273,32315,32370,32443,32546,32707,32953,2643,2022-03-06-23-56-38.428219,A1
298,53,33294,33716,34183,34636,35014,35277,35407,35408,35307,35136,34931,34721,34522,34344,34178,34016,33849,33678,33508,33351,33224,33142,33119,33152,33230,2644,2022-03-06-23-56-38.834649,A1
299,53,33330,33431,33510,33559,33578,33575,33557,33530,33492,33446,33401,33364,33341,33329,33320,33304,33271,33220,33160,33098,33041,32989,32946,32913,32893,2645,2022-03-06-23-56-39.104707,A1
300,53,32888,32898,32917,32934,32933,32909,32859,32785,32692,32593,32501,32443,32450,32549,32749,33037,33368,33680,33910,34022,34004,33873,33653,33383,33098,2646,2022-03-06-23-56-39.420225,A1
301,53,32827,32587,32388,32226,32093,31982,31886,31814,31773,31768,31787,31814,31835,31838,31819,31782,31737,31691,31652,31620,31596,31575,31549,31511,31458,2647,2022-03-06-23-56-39.782536,A1
302,53,31388,31311,31233,31162,31102,31059,31038,31038,31059,31097,31146,31194,31226,31234,31220,31191,31154,31121,31100,31092,31095,31108,31133,31180,31272,2648,2022-03-06-23-56-40.141617,A1
303,53,31437,31691,32034,32442,32869,33257,33556,33738,33803,33767,33663,33529,33399,33287,33188,33090,32983,32863,32736,32615,32517,32456,32438,32464,32535,2649,2022-03-06-23-56-40.457160,A1
304,53,32645,32772,32892,32978,33015,33000,32944,32863,32776,32696,32631,32583,32550,32529,32517,32507,32492,32473,32452,32434,32418,32405,32398,32403,32426,2650,2022-03-06-23-56-40.773414,A1
305,53,32470,32539,32630,32732,32827,32896,32929,32923,32881,32813,32730,32654,32602,32599,32672,32849,33147,33561,34057,34582,35074,35476,35747,35868,35855,2651,2022-03-06-23-56-41.133634,A1
306,53,35736,35556,35361,35189,35059,34972,34908,34839,34745,34621,34475,34319,34174,34057,33982,33959,33985,34051,34140,34226,34282,34292,34259,34190,34102,2652,2022-03-06-23-56-41.449629,A1
307,53,34006,33908,33813,33726,33653,33598,33564,33542,33519,33484,33434,33377,33321,33269,33225,33188,33155,33128,33111,33104,33104,33103,33086,33046,32983,2653,2022-03-06-23-56-41.765275,A1
308,53,32899,32802,32703,32621,32584,32631,32791,33073,33449,33861,34232,34495,34615,34590,34445,34217,33944,33665,33403,33174,32983,32827,32696,32582,32476,2654,2022-03-06-23-56-42.170527,A1
309,53,32382,32307,32256,32229,32219,32218,32214,32202,32181,32151,32114,32064,31998,31912,31813,31704,31587,31460,31325,31185,31050,30934,30852,30811,30802,2655,2022-03-06-23-56-42.440911,A1
310,53,30807,30810,30801,30782,30758,30735,30720,30714,30715,30726,30749,30786,30838,30913,31033,31226,31510,31878,32299,32726,33114,33426,33646,33773,33810,2656,2022-03-06-23-56-42.802213,A1
311,53,33763,33637,33449,33230,33003,32783,32581,32398,32234,32095,31990,31934,31933,31978,32042,32096,32120,32111,32081,32050,32033,32035,32053,32076,32101,2657,2022-03-06-23-56-43.117677,A1
312,53,32122,32141,32158,32171,32176,32175,32168,32160,32149,32136,32128,32131,32152,32194,32258,32333,32403,32449,32461,32437,32391,32336,32282,32245,32248,2658,2022-03-06-23-56-43.432848,A1
313,53,32320,32490,32773,33159,33603,34035,34383,34598,34664,34594,34417,34170,33898,33642,33429,33276,33180,33124,33082,33028,32954,32868,32791,32742,32735,2659,2022-03-06-23-56-43.793319,A1
314,53,32770,32844,32949,33084,33243,33420,33598,33750,33852,33893,33872,33800,33701,33599,33514,33467,33466,33508,33574,33641,33682,33684,33644,33580,33508,2660,2022-03-06-23-56-44.165022,A1
315,53,33441,33380,33324,33271,33223,33186,33163,33150,33141,33129,33114,33119,33178,33317,33531,33797,34064,34286,34423,34465,34422,34318,34172,34004,33827,2661,2022-03-06-23-56-44.470303,A1
316,53,33657,33503,33367,33240,33119,33002,32900,32830,32806,32832,32897,32973,33033,33060,33049,33005,32939,32857,32770,32681,32597,32528,32475,32439,32410,2662,2022-03-06-23-56-44.785765,A1
317,53,32377,32329,32267,32191,32108,32023,31941,31871,31819,31792,31793,31817,31845,31860,31851,31819,31773,31736,31738,31812,31978,32234,32552,32887,33181,2663,2022-03-06-23-56-45.101034,A1
318,53,33382,33459,33410,33260,33049,32814,32588,32390,32229,32103,32006,31936,31892,31868,31861,31868,31890,31926,31970,32013,32046,32059,32054,32036,32013,2664,2022-03-06-23-56-45.461431,A1
319,53,31994,31986,31981,31971,31954,31932,31905,31875,31842,31806,31772,31744,31729,31736,31769,31820,31876,31923,31953,31969,31973,31971,31968,31972,31984,2665,2022-03-06-23-56-45.822586,A1
320,53,32008,32053,32143,32299,32535,32845,33207,33580,33912,34154,34278,34284,34194,34042,33870,33712,33588,33496,33421,33348,33267,33175,33077,32983,32903,2666,2022-03-06-23-56-46.137628,A1
321,53,32849,32831,32853,32913,33001,33096,33171,33211,33209,33173,33116,33048,32977,32906,32844,32796,32772,32768,32777,32780,32764,32729,32690,32662,32655,2667,2022-03-06-23-56-46.453714,A1
322,53,32666,32693,32731,32779,32841,32919,33001,33071,33111,33113,33081,33026,32968,32934,32960,33079,33309,33641,34040,34444,34785,35012,35107,35083,34967,2668,2022-03-06-23-56-46.769346,A1
323,53,34797,34608,34425,34263,34129,34018,33929,33857,33797,33742,33688,33638,33596,33566,33549,33546,33553,33565,33576,33588,33602,33618,33629,33625,33602,2669,2022-03-06-23-56-47.129439,A1
324,53,33561,33502,33428,33342,33250,33162,33090,33042,33027,33046,33083,33118,33132,33115,33066,32989,32892,32785,32681,32587,32513,32466,32458,32499,32597,2670,2022-03-06-23-56-47.445402,A1
325,53,32756,32964,33199,33427,33603,33688,33666,33545,33350,33117,32888,32695,32551,32447,32361,32268,32152,32006,31843,31687,31567,31501,31492,31528,31589,2671,2022-03-06-23-56-47.805535,A1
326,53,31653,31693,31693,31645,31555,31430,31280,31113,30948,30802,30691,30627,30615,30648,30713,30789,30861,30920,30967,30999,31014,31012,31003,30995,30999,2672,2022-03-06-23-56-48.166045,A1
327,53,31022,31071,31145,31232,31321,31421,31558,31754,32012,32310,32609,32856,33015,33075,33050,32964,32841,32695,32540,32389,32256,32149,32064,31993,31931,2673,2022-03-06-23-56-48.436698,A1
328,53,31879,31845,31843,31886,31974,32092,32209,32299,32344,32340,32290,32204,32102,32008,31935,31890,31871,31864,31844,31792,31708,31603,31499,31423,31386,2674,2022-03-06-23-56-48.842834,A1
329,53,31394,31447,31542,31674,31832,31999,32150,32258,32308,32302,32253,32183,32106,32033,31995,32030,32176,32455,32854,33317,33767,34131,34376,34501,34528,2675,2022-03-06-23-56-49.112773,A1
330,53,34490,34418,34332,34251,34187,34145,34127,34126,34121,34096,34042,33964,33875,33795,33738,33711,33713,33735,33775,33832,33903,33976,34032,34057,34050,2676,2022-03-06-23-56-49.473423,A1
331,53,34021,33986,33955,33929,33900,33860,33808,33753,33710,33681,33660,33631,33587,33532,33477,33432,33400,33379,33361,33340,33318,33303,33298,33299,33300,2677,2022-03-06-23-56-49.789417,A1
332,53,33299,33319,33391,33546,33785,34089,34412,34700,34905,35010,35022,34952,34816,34632,34424,34213,34016,33839,33678,33528,33384,33252,33145,33083,33075,2678,2022-03-06-23-56-50.105076,A1
333,53,33114,33181,33251,33309,33345,33352,33324,33264,33175,33070,32960,32866,32802,32765,32739,32708,32659,32586,32492,32380,32257,32136,32029,31945,31889,2679,2022-03-06-23-56-50.465108,A1
334,53,31863,31858,31856,31842,31806,31745,31660,31559,31464,31408,31434,31579,31852,32229,32652,33043,33335,33488,33505,33414,33251,33052,32846,32657,32504,2680,2022-03-06-23-56-50.826014,A1
335,53,32405,32363,32358,32352,32305,32197,32042,31878,31752,31686,31677,31704,31748,31799,31862,31936,32011,32068,32084,32063,32019,31974,31943,31934,31955,2681,2022-03-06-23-56-51.186210,A1
336,53,32016,32126,32281,32463,32626,32715,32685,32520,32242,31905,31580,31328,31184,31145,31174,31234,31295,31354,31432,31567,31788,32097,32472,32866,33223,2682,2022-03-06-23-56-51.501685,A1
337,53,33498,33673,33752,33751,33690,33583,33436,33260,33070,32884,32721,32584,32467,32358,32255,32167,32114,32120,32198,32332,32476,32576,32601,32550,32454,2683,2022-03-06-23-56-51.817373,A1
338,53,32356,32295,32284,32320,32385,32459,32520,32542,32504,32400,32248,32082,31944,31858,31826,31839,31882,31951,32053,32186,32331,32453,32513,32494,32406,2684,2022-03-06-23-56-52.132701,A1
339,53,32286,32176,32115,32128,32225,32420,32725,33140,33631,34144,34610,34971,35198,35298,35301,35242,35150,35040,34920,34800,34690,34589,34489,34379,34245,2685,2022-03-06-23-56-52.448175,A1
340,53,34083,33903,33729,33582,33483,33442,33457,33516,33605,33700,33779,33818,33804,33735,33623,33484,33340,33209,33107,33040,33007,32996,32994,32981,32939,2686,2022-03-06-23-56-52.809538,A1
341,53,32861,32756,32645,32550,32481,32442,32425,32422,32429,32447,32474,32501,32508,32474,32396,32291,32194,32150,32204,32375,32659,33018,33403,33759,34033,2687,2022-03-06-23-56-53.124170,A1
342,53,34182,34192,34075,33853,33559,33245,32966,32759,32626,32545,32505,32496,32507,32530,32573,32636,32698,32744,32781,32824,32877,32947,33041,33167,33326,2688,2022-03-06-23-56-53.530651,A1
343,53,33514,33706,33870,33973,33996,33937,33812,33646,33467,33284,33096,32894,32670,32425,32164,31889,31600,31300,31001,30718,30475,30294,30189,30163,30206,2689,2022-03-06-23-56-53.800901,A1
344,53,30309,30475,30716,31038,31433,31876,32327,32741,33069,33280,33373,33370,33294,33166,33010,32840,32662,32475,32276,32064,31847,31642,31465,31337,31273,2690,2022-03-06-23-56-54.160757,A1
345,53,31271,31320,31410,31532,31674,31814,31928,31999,32028,32033,32033,32042,32063,32092,32121,32146,32169,32199,32242,32288,32324,32343,32341,32325,32303,2691,2022-03-06-23-56-54.521414,A1
346,53,32292,32307,32351,32417,32496,32580,32664,32741,32802,32840,32852,32842,32817,32802,32830,32944,33175,33531,33987,34491,34964,35337,35582,35714,35769,2692,2022-03-06-23-56-54.837995,A1
347,53,35787,35794,35798,35794,35777,35737,35668,35565,35431,35269,35091,34912,34739,34569,34397,34212,34011,33797,33583,33385,33224,33114,33057,33043,33058,2693,2022-03-06-23-56-55.152689,A1
348,53,33097,33159,33247,33367,33521,33697,33875,34030,34140,34193,34182,34106,33973,33792,33572,33328,33072,32816,32570,32347,32151,31992,31875,31795,31746,2694,2022-03-06-23-56-55.513221,A1
349,53,31734,31772,31880,32075,32352,32679,33002,33260,33412,33448,33382,33242,33058,32855,32651,32459,32282,32124,31984,31855,31738,31639,31571,31543,31557,2695,2022-03-06-23-56-55.829101,A1
350,53,31601,31659,31705,31722,31702,31648,31568,31475,31378,31281,31188,31102,31023,30953,30893,30841,30794,30755,30729,30724,30743,30785,30844,30908,30970,2696,2022-03-06-23-56-56.145111,A1
351,53,31028,31081,31131,31179,31223,31261,31287,31304,31323,31367,31471,31666,31965,32348,32773,33181,33513,33734,33836,33831,33742,33599,33433,33269,33125,2697,2022-03-06-23-56-56.459316,A1
352,53,33009,32920,32849,32788,32731,32680,32643,32629,32643,32684,32746,32814,32877,32925,32954,32962,32949,32921,32880,32831,32775,32715,32653,32591,32530,2698,2022-03-06-23-56-56.819770,A1
353,53,32472,32415,32363,32317,32280,32256,32244,32244,32253,32267,32284,32300,32312,32320,32323,32317,32302,32282,32259,32243,32248,32299,32424,32644,32956,2699,2022-03-06-23-56-57.135409,A1
354,53,33341,33750,34129,34428,34617,34683,34636,34500,34303,34083,33869,33681,33523,33392,33277,33171,33074,32992,32935,32909,32916,32954,33009,33067,33117,2700,2022-03-06-23-56-57.495957,A1
355,53,33148,33155,33138,33102,33054,32998,32939,32878,32818,32758,32702,32653,32612,32581,32557,32541,32532,32533,32544,32567,32599,32632,32660,32678,32685,2701,2022-03-06-23-56-57.856843,A1
356,53,32683,32674,32664,32657,32650,32644,32638,32633,32632,32654,32729,32886,33140,33484,33883,34279,34614,34842,34945,34925,34804,34609,34381,34151,33947,2702,2022-03-06-23-56-58.126900,A1
357,53,33775,33636,33516,33405,33301,33211,33143,33108,33112,33151,33212,33278,33333,33364,33368,33346,33303,33246,33179,33102,33015,32916,32807,32694,32580,2703,2022-03-06-23-56-58.487228,A1
358,53,32469,32361,32256,32153,32053,31959,31871,31792,31720,31658,31610,31576,31556,31544,31530,31504,31462,31408,31353,31315,31324,31410,31593,31868,32206,2704,2022-03-06-23-56-58.803291,A1
359,53,32559,32873,33099,33215,33219,33129,32972,32777,32575,32388,32227,32094,31984,31893,31820,31767,31744,31759,31813,31899,32003,32106,32188,32242,32262,2705,2022-03-06-23-56-59.118195,A1
360,53,32253,32225,32189,32150,32109,32066,32018,31966,31911,31856,31806,31763,31728,31702,31691,31690,31703,31727,31763,31804,31849,31894,31934,31965,31986,2706,2022-03-06-23-56-59.478730,A1
361,53,31999,32001,31994,31981,31968,31963,31986,32065,32234,32506,32870,33289,33706,34063,34311,34431,34429,34327,34156,33951,33746,33562,33409,33286,33186,2707,2022-03-06-23-56-59.839853,A1
362,53,33100,33026,32962,32917,32898,32911,32958,33031,33114,33196,33262,33305,33321,33313,33284,33239,33182,33118,33049,32976,32902,32828,32757,32691,32628,2708,2022-03-06-23-57-00.154685,A1
363,53,32571,32517,32470,32434,32413,32411,32428,32461,32501,32541,32574,32598,32611,32617,32617,32614,32606,32600,32607,32651,32764,32973,33280,33661,34071,2709,2022-03-06-23-57-00.471726,A1
364,53,34450,34748,34935,35007,34977,34868,34704,34513,34318,34139,33985,33859,33756,33667,33589,33523,33480,33466,33490,33546,33625,33708,33781,33831,33849,2710,2022-03-06-23-57-00.831269,A1
365,53,33834,33792,33731,33659,33578,33494,33406,33314,33221,33131,33046,32970,32906,32852,32810,32776,32748,32724,32700,32677,32656,32637,32617,32596,32573,2711,2022-03-06-23-57-01.146486,A1
366,53,32544,32512,32484,32478,32523,32646,32860,33155,33494,33824,34090,34253,34298,34235,34086,33879,33644,33408,33187,32986,32808,32647,32502,32372,32264,2712,2022-03-06-23-57-01.461519,A1
367,53,32185,32138,32122,32132,32154,32175,32180,32163,32120,32055,31974,31885,31792,31700,31605,31510,31419,31332,31252,31179,31113,31051,30996,30947,30912,2713,2022-03-06-23-57-01.823740,A1
368,53,30895,30901,30925,30964,31006,31047,31083,31122,31186,31304,31502,31787,32144,32537,32913,33221,33429,33522,33509,33409,33252,33071,32892,32735,32608,2714,2022-03-06-23-57-02.137630,A1
369,53,32509,32429,32361,32303,32258,32238,32250,32297,32376,32479,32586,32682,32759,32810,32834,32832,32807,32764,32707,32642,32573,32505,32441,32382,32331,2715,2022-03-06-23-57-02.498029,A1
370,53,32293,32269,32259,32265,32281,32302,32325,32340,32343,32332,32309,32277,32246,32226,32218,32234,32286,32401,32602,32900,33284,33719,34150,34523,34793,2716,2022-03-06-23-57-02.813889,A1
371,53,34940,34962,34878,34719,34521,34317,34131,33971,33834,33705,33575,33440,33307,33188,33099,33049,33043,33069,33117,33173,33224,33262,33279,33273,33245,2717,2022-03-06-23-57-03.128970,A1
372,53,33197,33135,33068,33000,32935,32874,32817,32762,32711,32667,32632,32607,32592,32587,32587,32590,32593,32596,32599,32603,32606,32605,32597,32581,32561,2718,2022-03-06-23-57-03.489324,A1
373,53,32547,32562,32642,32815,33092,33460,33876,34283,34620,34848,34949,34931,34820,34648,34447,34244,34057,33893,33746,33609,33478,33354,33240,33148,33085,2719,2022-03-06-23-57-03.850348,A1
